stage_id,synthetic_id,semantic_sign_id,symbol_family,output_path,generation_status,review_status,transform_summary,sha256,notes
stage_c_sprint_06_warning_symbols,S06-001_bicycle_crossing,bicycle_crossing,warning_symbol,data/generated/stage_c_sprint_06_warning_symbols/bicycle_crossing/S06-001_bicycle_crossing.jpg,generated_candidate,pending_stage_d_visual_qc,"symbol=bicycle; size=183; angle=-2.31; yellow=(226, 215, 37); brightness=0.92; contrast=1.10; offset=(25,7)",c42214ff403b603ddfefdada8f50e6f7ab922ea87a2ea2911de0b9a7e3e26a50,Project-owned generated warning-sign candidate; not real camera coverage.
stage_c_sprint_06_warning_symbols,S06-002_bicycle_crossing,bicycle_crossing,warning_symbol,data/generated/stage_c_sprint_06_warning_symbols/bicycle_crossing/S06-002_bicycle_crossing.jpg,generated_candidate,pending_stage_d_visual_qc,"symbol=bicycle; size=156; angle=-5.37; yellow=(241, 185, 46); brightness=1.08; contrast=0.89; offset=(29,34)",fd085320ebe70a8b8148e476eccb869f255cd82af832436a47580387a978b3c7,Project-owned generated warning-sign candidate; not real camera coverage.
stage_c_sprint_06_warning_symbols,S06-003_bicycle_crossing,bicycle_crossing,warning_symbol,data/generated/stage_c_sprint_06_warning_symbols/bicycle_crossing/S06-003_bicycle_crossing.jpg,generated_candidate,pending_stage_d_visual_qc,"symbol=bicycle; size=158; angle=-2.01; yellow=(239, 183, 24); brightness=0.98; contrast=0.98; offset=(39,28)",3e118177f5cb951d151501f963909ebe2854e38b72b8e0602ec5b6b73c4c923a,Project-owned generated warning-sign candidate; not real camera coverage.
stage_c_sprint_06_warning_symbols,S06-004_bicycle_crossing,bicycle_crossing,warning_symbol,data/generated/stage_c_sprint_06_warning_symbols/bicycle_crossing/S06-004_bicycle_crossing.jpg,generated_candidate,pending_stage_d_visual_qc,"symbol=bicycle; size=163; angle=-3.03; yellow=(237, 210, 62); brightness=1.02; contrast=0.94; offset=(23,26)",8432cb4636fd1f1dc1fc4a786552d3808213806eb6ad17b567d03b4abfe3b930,Project-owned generated warning-sign candidate; not real camera coverage.
stage_c_sprint_06_warning_symbols,S06-005_bicycle_crossing,bicycle_crossing,warning_symbol,data/generated/stage_c_sprint_06_warning_symbols/bicycle_crossing/S06-005_bicycle_crossing.jpg,generated_candidate,pending_stage_d_visual_qc,"symbol=bicycle; size=173; angle=-2.41; yellow=(242, 206, 38); brightness=1.06; contrast=1.00; offset=(27,25)",9c760ef5877173fb542355388fe5c1fccb29afaa50eb33476375bc8ca8a2c3bb,Project-owned generated warning-sign candidate; not real camera coverage.
stage_c_sprint_06_warning_symbols,S06-006_bicycle_crossing,bicycle_crossing,warning_symbol,data/generated/stage_c_sprint_06_warning_symbols/bicycle_crossing/S06-006_bicycle_crossing.jpg,generated_candidate,pending_stage_d_visual_qc,"symbol=bicycle; size=166; angle=0.00; yellow=(228, 191, 39); brightness=1.01; contrast=0.88; offset=(27,24)",3020dd4afb25823c70c396107e8e35eb17260b1448dee6338ca0a7e96df16216,Project-owned generated warning-sign candidate; not real camera coverage.
stage_c_sprint_06_warning_symbols,S06-007_bicycle_crossing,bicycle_crossing,warning_symbol,data/generated/stage_c_sprint_06_warning_symbols/bicycle_crossing/S06-007_bicycle_crossing.jpg,generated_candidate,pending_stage_d_visual_qc,"symbol=bicycle; size=188; angle=1.05; yellow=(232, 180, 39); brightness=1.11; contrast=1.02; offset=(8,9)",c9df4bb7b9791684006e807d33f89463046d461461a89d52bf221ac69aa29413,Project-owned generated warning-sign candidate; not real camera coverage.
stage_c_sprint_06_warning_symbols,S06-008_bicycle_crossing,bicycle_crossing,warning_symbol,data/generated/stage_c_sprint_06_warning_symbols/bicycle_crossing/S06-008_bicycle_crossing.jpg,generated_candidate,pending_stage_d_visual_qc,"symbol=bicycle; size=197; angle=-1.05; yellow=(244, 187, 24); brightness=0.98; contrast=1.12; offset=(16,12)",e1a23b1f822ca9563c1bbbf931d80c96e4b3ee44d7555e538f6286f06bb52aa9,Project-owned generated warning-sign candidate; not real camera coverage.
stage_c_sprint_06_warning_symbols,S06-009_bicycle_crossing,bicycle_crossing,warning_symbol,data/generated/stage_c_sprint_06_warning_symbols/bicycle_crossing/S06-009_bicycle_crossing.jpg,generated_candidate,pending_stage_d_visual_qc,"symbol=bicycle; size=190; angle=3.73; yellow=(229, 197, 41); brightness=1.08; contrast=1.09; offset=(9,7)",4d5fc5e482a3565681f6cc81ef1ab8ccd2fbd7d4be72ef9cabd48de3aadf2305,Project-owned generated warning-sign candidate; not real camera coverage.
stage_c_sprint_06_warning_symbols,S06-010_bicycle_crossing,bicycle_crossing,warning_symbol,data/generated/stage_c_sprint_06_warning_symbols/bicycle_crossing/S06-010_bicycle_crossing.jpg,generated_candidate,pending_stage_d_visual_qc,"symbol=bicycle; size=170; angle=-1.54; yellow=(226, 187, 36); brightness=1.10; contrast=0.97; offset=(19,31)",bc92b680457f24c1b15b51d310ad7ef756bf1ad446d2af1d593ec1d541074f36,Project-owned generated warning-sign candidate; not real camera coverage.
stage_c_sprint_06_warning_symbols,S06-011_bicycle_crossing,bicycle_crossing,warning_symbol,data/generated/stage_c_sprint_06_warning_symbols/bicycle_crossing/S06-011_bicycle_crossing.jpg,generated_candidate,pending_stage_d_visual_qc,"symbol=bicycle; size=169; angle=1.24; yellow=(244, 200, 62); brightness=0.95; contrast=0.99; offset=(27,21)",9ddebd594b054fdeed6944b98182517f3288fffd5f281f85ebfd2bef4c6b00ce,Project-owned generated warning-sign candidate; not real camera coverage.
stage_c_sprint_06_warning_symbols,S06-012_bicycle_crossing,bicycle_crossing,warning_symbol,data/generated/stage_c_sprint_06_warning_symbols/bicycle_crossing/S06-012_bicycle_crossing.jpg,generated_candidate,pending_stage_d_visual_qc,"symbol=bicycle; size=168; angle=-5.30; yellow=(251, 203, 36); brightness=1.00; contrast=0.90; offset=(14,15)",52b54789026721379be030d5029fec4487cbcf8526d57f821c3bb72cc7e14990,Project-owned generated warning-sign candidate; not real camera coverage.
stage_c_sprint_06_warning_symbols,S06-013_bicycle_crossing,bicycle_crossing,warning_symbol,data/generated/stage_c_sprint_06_warning_symbols/bicycle_crossing/S06-013_bicycle_crossing.jpg,generated_candidate,pending_stage_d_visual_qc,"symbol=bicycle; size=169; angle=-6.06; yellow=(223, 200, 56); brightness=1.07; contrast=1.09; offset=(21,12)",1876bc6c0bbb616ec7540e7a02462ef9f8069c9a93343524ad1074ffca3db9ce,Project-owned generated warning-sign candidate; not real camera coverage.
stage_c_sprint_06_warning_symbols,S06-014_bicycle_crossing,bicycle_crossing,warning_symbol,data/generated/stage_c_sprint_06_warning_symbols/bicycle_crossing/S06-014_bicycle_crossing.jpg,generated_candidate,pending_stage_d_visual_qc,"symbol=bicycle; size=167; angle=-3.97; yellow=(246, 187, 43); brightness=0.89; contrast=0.89; offset=(27,16)",a32d78b1b8d096d6176363eb8d3a74edf4aad5ce81e80f0dcb60862c04ae8c9c,Project-owned generated warning-sign candidate; not real camera coverage.
stage_c_sprint_06_warning_symbols,S06-015_bicycle_crossing,bicycle_crossing,warning_symbol,data/generated/stage_c_sprint_06_warning_symbols/bicycle_crossing/S06-015_bicycle_crossing.jpg,generated_candidate,pending_stage_d_visual_qc,"symbol=bicycle; size=166; angle=-6.73; yellow=(246, 205, 38); brightness=1.11; contrast=1.08; offset=(13,16)",cd54849abf6ac08cc1550abe5717cc6bcb1834badaa2aad48aed3152f8e64ba3,Project-owned generated warning-sign candidate; not real camera coverage.
stage_c_sprint_06_warning_symbols,S06-016_bicycle_crossing,bicycle_crossing,warning_symbol,data/generated/stage_c_sprint_06_warning_symbols/bicycle_crossing/S06-016_bicycle_crossing.jpg,generated_candidate,pending_stage_d_visual_qc,"symbol=bicycle; size=204; angle=-3.73; yellow=(229, 207, 27); brightness=1.10; contrast=0.89; offset=(5,6)",d670a812783a666f80e7cc9189fdfbf9f74ebe65e276684cd310a32bd1ae8ea6,Project-owned generated warning-sign candidate; not real camera coverage.
stage_c_sprint_06_warning_symbols,S06-017_bicycle_crossing,bicycle_crossing,warning_symbol,data/generated/stage_c_sprint_06_warning_symbols/bicycle_crossing/S06-017_bicycle_crossing.jpg,generated_candidate,pending_stage_d_visual_qc,"symbol=bicycle; size=156; angle=3.44; yellow=(228, 207, 31); brightness=1.07; contrast=1.09; offset=(28,37)",5af90a7919d0b3b88725a0b5e5265d48f9ba87a37475a794094c81b040b48b3c,Project-owned generated warning-sign candidate; not real camera coverage.
stage_c_sprint_06_warning_symbols,S06-018_bicycle_crossing,bicycle_crossing,warning_symbol,data/generated/stage_c_sprint_06_warning_symbols/bicycle_crossing/S06-018_bicycle_crossing.jpg,generated_candidate,pending_stage_d_visual_qc,"symbol=bicycle; size=170; angle=2.59; yellow=(244, 211, 53); brightness=0.91; contrast=1.07; offset=(16,17)",0e71966e4a6d498a3fe7c980c98c3321918e6f8010a8c5144aaca167bd02d5c3,Project-owned generated warning-sign candidate; not real camera coverage.
stage_c_sprint_06_warning_symbols,S06-019_bicycle_crossing,bicycle_crossing,warning_symbol,data/generated/stage_c_sprint_06_warning_symbols/bicycle_crossing/S06-019_bicycle_crossing.jpg,generated_candidate,pending_stage_d_visual_qc,"symbol=bicycle; size=167; angle=-3.69; yellow=(248, 178, 29); brightness=1.06; contrast=1.08; offset=(16,24)",b78006d288f606e3ce9e8871d4dcd8f6e02dfa2612e4c486f3b4955a7e246f52,Project-owned generated warning-sign candidate; not real camera coverage.
stage_c_sprint_06_warning_symbols,S06-020_bicycle_crossing,bicycle_crossing,warning_symbol,data/generated/stage_c_sprint_06_warning_symbols/bicycle_crossing/S06-020_bicycle_crossing.jpg,generated_candidate,pending_stage_d_visual_qc,"symbol=bicycle; size=176; angle=5.05; yellow=(246, 212, 57); brightness=0.99; contrast=1.09; offset=(25,12)",6b4934bf26a5a2a7fcc3d75f8190bcdc46d0c0fdc8a83ba75836ada20b442cee,Project-owned generated warning-sign candidate; not real camera coverage.
stage_c_sprint_06_warning_symbols,S06-021_bicycle_crossing,bicycle_crossing,warning_symbol,data/generated/stage_c_sprint_06_warning_symbols/bicycle_crossing/S06-021_bicycle_crossing.jpg,generated_candidate,pending_stage_d_visual_qc,"symbol=bicycle; size=187; angle=-6.18; yellow=(241, 209, 33); brightness=0.91; contrast=0.94; offset=(13,14)",fdffd95189a5ac61d8b54f8728f9fb8bc1ebab44c0cd8a57e2c27ba7a84403c8,Project-owned generated warning-sign candidate; not real camera coverage.
stage_c_sprint_06_warning_symbols,S06-022_bicycle_crossing,bicycle_crossing,warning_symbol,data/generated/stage_c_sprint_06_warning_symbols/bicycle_crossing/S06-022_bicycle_crossing.jpg,generated_candidate,pending_stage_d_visual_qc,"symbol=bicycle; size=165; angle=-3.54; yellow=(236, 196, 33); brightness=0.95; contrast=0.90; offset=(30,33)",b1b5b47d8ae0e04e2930ff4c2d0250a641adeca1daf5e9d899556b4dbb26ccaf,Project-owned generated warning-sign candidate; not real camera coverage.
stage_c_sprint_06_warning_symbols,S06-023_bicycle_crossing,bicycle_crossing,warning_symbol,data/generated/stage_c_sprint_06_warning_symbols/bicycle_crossing/S06-023_bicycle_crossing.jpg,generated_candidate,pending_stage_d_visual_qc,"symbol=bicycle; size=194; angle=5.58; yellow=(236, 180, 37); brightness=1.12; contrast=1.04; offset=(-1,13)",eb88e318856a56b5e25ef85467883ad27293dcc8ccd5138fec2dfdbc6b91d83d,Project-owned generated warning-sign candidate; not real camera coverage.
stage_c_sprint_06_warning_symbols,S06-024_bicycle_crossing,bicycle_crossing,warning_symbol,data/generated/stage_c_sprint_06_warning_symbols/bicycle_crossing/S06-024_bicycle_crossing.jpg,generated_candidate,pending_stage_d_visual_qc,"symbol=bicycle; size=189; angle=5.14; yellow=(230, 194, 54); brightness=0.91; contrast=1.05; offset=(15,-1)",7d4b0ac67a04fd24e85c19ccfa363a60087a08708a11c64933e87f32fd4a98bb,Project-owned generated warning-sign candidate; not real camera coverage.
stage_c_sprint_06_warning_symbols,S06-025_bicycle_crossing,bicycle_crossing,warning_symbol,data/generated/stage_c_sprint_06_warning_symbols/bicycle_crossing/S06-025_bicycle_crossing.jpg,generated_candidate,pending_stage_d_visual_qc,"symbol=bicycle; size=197; angle=6.60; yellow=(249, 179, 43); brightness=1.00; contrast=1.07; offset=(-7,-5)",982bb0f8af524d776b062df84035504d5fcd758db3921faee76c6c7928017888,Project-owned generated warning-sign candidate; not real camera coverage.
stage_c_sprint_06_warning_symbols,S06-026_bicycle_crossing,bicycle_crossing,warning_symbol,data/generated/stage_c_sprint_06_warning_symbols/bicycle_crossing/S06-026_bicycle_crossing.jpg,generated_candidate,pending_stage_d_visual_qc,"symbol=bicycle; size=178; angle=3.38; yellow=(245, 180, 48); brightness=0.95; contrast=1.14; offset=(9,26)",9be93749258b45c2d2a403de67cb70bc477eae343903b4a4aa240a8af6a11aa3,Project-owned generated warning-sign candidate; not real camera coverage.
stage_c_sprint_06_warning_symbols,S06-027_bicycle_crossing,bicycle_crossing,warning_symbol,data/generated/stage_c_sprint_06_warning_symbols/bicycle_crossing/S06-027_bicycle_crossing.jpg,generated_candidate,pending_stage_d_visual_qc,"symbol=bicycle; size=203; angle=-4.21; yellow=(230, 198, 59); brightness=1.00; contrast=0.97; offset=(4,7)",c205bc788f0b987c6362afd29379a49f45d9e604aaf80dabe3f3ade669da0b2d,Project-owned generated warning-sign candidate; not real camera coverage.
stage_c_sprint_06_warning_symbols,S06-028_bicycle_crossing,bicycle_crossing,warning_symbol,data/generated/stage_c_sprint_06_warning_symbols/bicycle_crossing/S06-028_bicycle_crossing.jpg,generated_candidate,pending_stage_d_visual_qc,"symbol=bicycle; size=163; angle=-5.55; yellow=(222, 207, 55); brightness=1.08; contrast=1.12; offset=(19,20)",f8aef5542e5fcf039f02fc6de03a8134e732351c12ad3c9682cbdda0e239d884,Project-owned generated warning-sign candidate; not real camera coverage.
stage_c_sprint_06_warning_symbols,S06-029_bicycle_crossing,bicycle_crossing,warning_symbol,data/generated/stage_c_sprint_06_warning_symbols/bicycle_crossing/S06-029_bicycle_crossing.jpg,generated_candidate,pending_stage_d_visual_qc,"symbol=bicycle; size=160; angle=-6.16; yellow=(243, 215, 34); brightness=1.08; contrast=0.92; offset=(32,23)",d8c48fa714983be388058815df3bd131d1033287e9bc420e6c6c3a4e8575a81b,Project-owned generated warning-sign candidate; not real camera coverage.
stage_c_sprint_06_warning_symbols,S06-030_bicycle_crossing,bicycle_crossing,warning_symbol,data/generated/stage_c_sprint_06_warning_symbols/bicycle_crossing/S06-030_bicycle_crossing.jpg,generated_candidate,pending_stage_d_visual_qc,"symbol=bicycle; size=190; angle=3.13; yellow=(236, 199, 38); brightness=1.10; contrast=1.00; offset=(13,6)",8f1e106afe965d1afb540a865cff46da70168631315ba3ad7a7302ddf487b5ac,Project-owned generated warning-sign candidate; not real camera coverage.
stage_c_sprint_06_warning_symbols,S06-031_bicycle_crossing,bicycle_crossing,warning_symbol,data/generated/stage_c_sprint_06_warning_symbols/bicycle_crossing/S06-031_bicycle_crossing.jpg,generated_candidate,pending_stage_d_visual_qc,"symbol=bicycle; size=202; angle=-0.79; yellow=(225, 203, 37); brightness=0.92; contrast=1.04; offset=(3,14)",71a97e9ed6103f10b41b8b2e24b9038180fc7592cc867c7e6b43b0777250149d,Project-owned generated warning-sign candidate; not real camera coverage.
stage_c_sprint_06_warning_symbols,S06-032_bicycle_crossing,bicycle_crossing,warning_symbol,data/generated/stage_c_sprint_06_warning_symbols/bicycle_crossing/S06-032_bicycle_crossing.jpg,generated_candidate,pending_stage_d_visual_qc,"symbol=bicycle; size=204; angle=3.83; yellow=(239, 187, 52); brightness=0.90; contrast=0.94; offset=(3,-5)",454f750dbde1f0ce7408840e056cd30f6b5613595cc46a84708745f82fb4cb19,Project-owned generated warning-sign candidate; not real camera coverage.
stage_c_sprint_06_warning_symbols,S06-033_bicycle_crossing,bicycle_crossing,warning_symbol,data/generated/stage_c_sprint_06_warning_symbols/bicycle_crossing/S06-033_bicycle_crossing.jpg,generated_candidate,pending_stage_d_visual_qc,"symbol=bicycle; size=182; angle=-6.31; yellow=(238, 211, 41); brightness=0.98; contrast=1.01; offset=(7,10)",a132e84d4da6cfba26b6c3ac63f88ce861d04c263b02cfc323c0430da87687b0,Project-owned generated warning-sign candidate; not real camera coverage.
stage_c_sprint_06_warning_symbols,S06-034_bicycle_crossing,bicycle_crossing,warning_symbol,data/generated/stage_c_sprint_06_warning_symbols/bicycle_crossing/S06-034_bicycle_crossing.jpg,generated_candidate,pending_stage_d_visual_qc,"symbol=bicycle; size=171; angle=-4.06; yellow=(222, 207, 37); brightness=1.04; contrast=1.10; offset=(17,14)",8ffb58f087cfbd7d9b7e8a94ae3ed427d860b221e500d1c84ec8a817ea701f00,Project-owned generated warning-sign candidate; not real camera coverage.
stage_c_sprint_06_warning_symbols,S06-035_bicycle_crossing,bicycle_crossing,warning_symbol,data/generated/stage_c_sprint_06_warning_symbols/bicycle_crossing/S06-035_bicycle_crossing.jpg,generated_candidate,pending_stage_d_visual_qc,"symbol=bicycle; size=198; angle=-2.90; yellow=(249, 184, 49); brightness=0.95; contrast=1.03; offset=(0,-1)",f79ed75b29580f35ddeffcb628783a15ce8d6479ebec9bfebd0cc542a7bd3586,Project-owned generated warning-sign candidate; not real camera coverage.
stage_c_sprint_06_warning_symbols,S06-036_bicycle_crossing,bicycle_crossing,warning_symbol,data/generated/stage_c_sprint_06_warning_symbols/bicycle_crossing/S06-036_bicycle_crossing.jpg,generated_candidate,pending_stage_d_visual_qc,"symbol=bicycle; size=182; angle=6.22; yellow=(251, 174, 34); brightness=1.03; contrast=1.06; offset=(4,7)",21927d0e94d6946b14dc762c3aa6710af2f38e71de52c4cb0c94a209c9e3060d,Project-owned generated warning-sign candidate; not real camera coverage.
stage_c_sprint_06_warning_symbols,S06-037_bicycle_crossing,bicycle_crossing,warning_symbol,data/generated/stage_c_sprint_06_warning_symbols/bicycle_crossing/S06-037_bicycle_crossing.jpg,generated_candidate,pending_stage_d_visual_qc,"symbol=bicycle; size=184; angle=0.83; yellow=(223, 204, 29); brightness=0.93; contrast=0.98; offset=(17,26)",326c43ff0f32ed5f589dd0f5309812d1affa7d697564646b40ef0cfa80448fc5,Project-owned generated warning-sign candidate; not real camera coverage.
stage_c_sprint_06_warning_symbols,S06-038_bicycle_crossing,bicycle_crossing,warning_symbol,data/generated/stage_c_sprint_06_warning_symbols/bicycle_crossing/S06-038_bicycle_crossing.jpg,generated_candidate,pending_stage_d_visual_qc,"symbol=bicycle; size=182; angle=4.15; yellow=(243, 191, 29); brightness=0.92; contrast=1.02; offset=(6,14)",eadc009053f462067849b46c7acad2df8ce339d3d486ef95776c5e049b1d78b6,Project-owned generated warning-sign candidate; not real camera coverage.
stage_c_sprint_06_warning_symbols,S06-039_bicycle_crossing,bicycle_crossing,warning_symbol,data/generated/stage_c_sprint_06_warning_symbols/bicycle_crossing/S06-039_bicycle_crossing.jpg,generated_candidate,pending_stage_d_visual_qc,"symbol=bicycle; size=202; angle=4.38; yellow=(222, 181, 50); brightness=0.94; contrast=1.11; offset=(3,-6)",1e2710d2973815c04143cd4b1ae413ef0f772c71bab1c576601dabf3adc7bcce,Project-owned generated warning-sign candidate; not real camera coverage.
stage_c_sprint_06_warning_symbols,S06-040_bicycle_crossing,bicycle_crossing,warning_symbol,data/generated/stage_c_sprint_06_warning_symbols/bicycle_crossing/S06-040_bicycle_crossing.jpg,generated_candidate,pending_stage_d_visual_qc,"symbol=bicycle; size=187; angle=0.07; yellow=(224, 175, 39); brightness=1.07; contrast=1.12; offset=(13,11)",4707fb717a98e1b2ae2ced2b7cbd37f55602c72641b5957042b07177bdb2bf13,Project-owned generated warning-sign candidate; not real camera coverage.
stage_c_sprint_06_warning_symbols,S06-041_bicycle_crossing,bicycle_crossing,warning_symbol,data/generated/stage_c_sprint_06_warning_symbols/bicycle_crossing/S06-041_bicycle_crossing.jpg,generated_candidate,pending_stage_d_visual_qc,"symbol=bicycle; size=185; angle=-1.58; yellow=(232, 192, 39); brightness=1.00; contrast=0.91; offset=(24,17)",7a57cd33847c03f0873dcc8c59d6c2d39431fb50927aedf257020bdbfb2423f6,Project-owned generated warning-sign candidate; not real camera coverage.
stage_c_sprint_06_warning_symbols,S06-042_bicycle_crossing,bicycle_crossing,warning_symbol,data/generated/stage_c_sprint_06_warning_symbols/bicycle_crossing/S06-042_bicycle_crossing.jpg,generated_candidate,pending_stage_d_visual_qc,"symbol=bicycle; size=202; angle=-6.14; yellow=(252, 194, 28); brightness=0.97; contrast=0.90; offset=(2,0)",b74323d654884153f389df69b8ccfe13755f7222d0ca3e85cd22a70e223752cc,Project-owned generated warning-sign candidate; not real camera coverage.
stage_c_sprint_06_warning_symbols,S06-043_bicycle_crossing,bicycle_crossing,warning_symbol,data/generated/stage_c_sprint_06_warning_symbols/bicycle_crossing/S06-043_bicycle_crossing.jpg,generated_candidate,pending_stage_d_visual_qc,"symbol=bicycle; size=182; angle=2.57; yellow=(237, 187, 36); brightness=1.00; contrast=0.92; offset=(11,25)",a9a10bb4d3c135534edeeec93ef618264c63945346aff4f8b4a14299160d5e50,Project-owned generated warning-sign candidate; not real camera coverage.
stage_c_sprint_06_warning_symbols,S06-044_bicycle_crossing,bicycle_crossing,warning_symbol,data/generated/stage_c_sprint_06_warning_symbols/bicycle_crossing/S06-044_bicycle_crossing.jpg,generated_candidate,pending_stage_d_visual_qc,"symbol=bicycle; size=184; angle=3.98; yellow=(227, 215, 42); brightness=0.97; contrast=1.05; offset=(7,16)",a1ff950bf08338628cc752af555797c7825accfd608f93d9e4012debba9cec96,Project-owned generated warning-sign candidate; not real camera coverage.
stage_c_sprint_06_warning_symbols,S06-045_bicycle_crossing,bicycle_crossing,warning_symbol,data/generated/stage_c_sprint_06_warning_symbols/bicycle_crossing/S06-045_bicycle_crossing.jpg,generated_candidate,pending_stage_d_visual_qc,"symbol=bicycle; size=186; angle=0.65; yellow=(242, 179, 52); brightness=0.99; contrast=1.10; offset=(22,23)",c6bf2acbe308c3754d43a1dbb6712afa070c669b71635ba1696f51ed1238fbed,Project-owned generated warning-sign candidate; not real camera coverage.
stage_c_sprint_06_warning_symbols,S06-046_bicycle_crossing,bicycle_crossing,warning_symbol,data/generated/stage_c_sprint_06_warning_symbols/bicycle_crossing/S06-046_bicycle_crossing.jpg,generated_candidate,pending_stage_d_visual_qc,"symbol=bicycle; size=204; angle=5.72; yellow=(241, 208, 47); brightness=1.11; contrast=1.12; offset=(1,-9)",72de7708894e1b2c53694f433ff2895e4bd152a7cccd081c10689644810261a5,Project-owned generated warning-sign candidate; not real camera coverage.
stage_c_sprint_06_warning_symbols,S06-047_bicycle_crossing,bicycle_crossing,warning_symbol,data/generated/stage_c_sprint_06_warning_symbols/bicycle_crossing/S06-047_bicycle_crossing.jpg,generated_candidate,pending_stage_d_visual_qc,"symbol=bicycle; size=204; angle=1.25; yellow=(236, 189, 62); brightness=1.11; contrast=1.01; offset=(-1,5)",eddefee2ebf598e272f57c0252f30e77f892032052aa4900b5de80db6f851b9f,Project-owned generated warning-sign candidate; not real camera coverage.
stage_c_sprint_06_warning_symbols,S06-048_bicycle_crossing,bicycle_crossing,warning_symbol,data/generated/stage_c_sprint_06_warning_symbols/bicycle_crossing/S06-048_bicycle_crossing.jpg,generated_candidate,pending_stage_d_visual_qc,"symbol=bicycle; size=198; angle=-5.40; yellow=(240, 182, 48); brightness=1.08; contrast=0.98; offset=(2,8)",e874d40c43aaf848caf3be4a94305ffa75778e8295cdebf90ebf6f2517882146,Project-owned generated warning-sign candidate; not real camera coverage.
stage_c_sprint_06_warning_symbols,S06-049_bicycle_crossing,bicycle_crossing,warning_symbol,data/generated/stage_c_sprint_06_warning_symbols/bicycle_crossing/S06-049_bicycle_crossing.jpg,generated_candidate,pending_stage_d_visual_qc,"symbol=bicycle; size=165; angle=5.84; yellow=(222, 207, 45); brightness=1.03; contrast=1.08; offset=(17,17)",8d06f70087e1725f788c1c2c4ca9e1ff866e5e6aed7d787ea0fe478b4705261c,Project-owned generated warning-sign candidate; not real camera coverage.
stage_c_sprint_06_warning_symbols,S06-050_bicycle_crossing,bicycle_crossing,warning_symbol,data/generated/stage_c_sprint_06_warning_symbols/bicycle_crossing/S06-050_bicycle_crossing.jpg,generated_candidate,pending_stage_d_visual_qc,"symbol=bicycle; size=203; angle=1.69; yellow=(250, 202, 31); brightness=1.02; contrast=0.99; offset=(0,14)",1129eb4482585705238b411217fc34b1cf5975e517d4d2d13060c788ed553543,Project-owned generated warning-sign candidate; not real camera coverage.
stage_c_sprint_06_warning_symbols,S06-051_school_zone,school_zone,warning_symbol,data/generated/stage_c_sprint_06_warning_symbols/school_zone/S06-051_school_zone.jpg,generated_candidate,pending_stage_d_visual_qc,"symbol=school; size=162; angle=3.68; yellow=(248, 195, 29); brightness=0.89; contrast=0.90; offset=(21,17)",4cd59c5d05d6b6866d75c858dcd44f1d340690c2edb75e14a2ce09e88739c419,Project-owned generated warning-sign candidate; not real camera coverage.
stage_c_sprint_06_warning_symbols,S06-052_school_zone,school_zone,warning_symbol,data/generated/stage_c_sprint_06_warning_symbols/school_zone/S06-052_school_zone.jpg,generated_candidate,pending_stage_d_visual_qc,"symbol=school; size=204; angle=-1.06; yellow=(241, 182, 43); brightness=1.04; contrast=0.93; offset=(0,4)",0fc1028798f6cb453f2fb4227225332587f9223cf492916215e9162164b0c711,Project-owned generated warning-sign candidate; not real camera coverage.
stage_c_sprint_06_warning_symbols,S06-053_school_zone,school_zone,warning_symbol,data/generated/stage_c_sprint_06_warning_symbols/school_zone/S06-053_school_zone.jpg,generated_candidate,pending_stage_d_visual_qc,"symbol=school; size=185; angle=-4.00; yellow=(241, 175, 40); brightness=0.89; contrast=1.12; offset=(10,3)",1b3e40909849710fdfe0ba95db63de76ef27083afb69eb8356e7318ccb89c548,Project-owned generated warning-sign candidate; not real camera coverage.
stage_c_sprint_06_warning_symbols,S06-054_school_zone,school_zone,warning_symbol,data/generated/stage_c_sprint_06_warning_symbols/school_zone/S06-054_school_zone.jpg,generated_candidate,pending_stage_d_visual_qc,"symbol=school; size=157; angle=-5.46; yellow=(246, 177, 28); brightness=0.89; contrast=1.13; offset=(29,23)",f75a384a198d762cc76b031cc5f525563ab7bdc16b0d4c9d60383fc325f491c6,Project-owned generated warning-sign candidate; not real camera coverage.
stage_c_sprint_06_warning_symbols,S06-055_school_zone,school_zone,warning_symbol,data/generated/stage_c_sprint_06_warning_symbols/school_zone/S06-055_school_zone.jpg,generated_candidate,pending_stage_d_visual_qc,"symbol=school; size=200; angle=-0.05; yellow=(241, 217, 52); brightness=1.06; contrast=1.12; offset=(5,15)",fb5a27b3470b139f52ed4fbda689dbf77a9aeda78134fa3a0ab6bff30a683a46,Project-owned generated warning-sign candidate; not real camera coverage.
stage_c_sprint_06_warning_symbols,S06-056_school_zone,school_zone,warning_symbol,data/generated/stage_c_sprint_06_warning_symbols/school_zone/S06-056_school_zone.jpg,generated_candidate,pending_stage_d_visual_qc,"symbol=school; size=157; angle=2.42; yellow=(233, 213, 50); brightness=0.98; contrast=1.00; offset=(32,24)",c09141449cefabdf22790f8b88a92380d8944d55d84c80e5844633d35b4c02fd,Project-owned generated warning-sign candidate; not real camera coverage.
stage_c_sprint_06_warning_symbols,S06-057_school_zone,school_zone,warning_symbol,data/generated/stage_c_sprint_06_warning_symbols/school_zone/S06-057_school_zone.jpg,generated_candidate,pending_stage_d_visual_qc,"symbol=school; size=196; angle=-6.16; yellow=(224, 211, 48); brightness=0.91; contrast=1.04; offset=(-1,-2)",750faafaa83a18151e95916441bf3e5da7b6ccbc6188b2937b45ca414d39680e,Project-owned generated warning-sign candidate; not real camera coverage.
stage_c_sprint_06_warning_symbols,S06-058_school_zone,school_zone,warning_symbol,data/generated/stage_c_sprint_06_warning_symbols/school_zone/S06-058_school_zone.jpg,generated_candidate,pending_stage_d_visual_qc,"symbol=school; size=156; angle=4.99; yellow=(223, 203, 41); brightness=0.97; contrast=1.11; offset=(28,27)",95da02fec9013f82ad2733cafd7e204f6b0f60188e1774c97ec58de58390b8aa,Project-owned generated warning-sign candidate; not real camera coverage.
stage_c_sprint_06_warning_symbols,S06-059_school_zone,school_zone,warning_symbol,data/generated/stage_c_sprint_06_warning_symbols/school_zone/S06-059_school_zone.jpg,generated_candidate,pending_stage_d_visual_qc,"symbol=school; size=157; angle=1.05; yellow=(240, 182, 58); brightness=1.01; contrast=0.96; offset=(39,22)",055566a21ca48228b3d00fbc192d2006a90ce707ea1485a8278b93119a1448b6,Project-owned generated warning-sign candidate; not real camera coverage.
stage_c_sprint_06_warning_symbols,S06-060_school_zone,school_zone,warning_symbol,data/generated/stage_c_sprint_06_warning_symbols/school_zone/S06-060_school_zone.jpg,generated_candidate,pending_stage_d_visual_qc,"symbol=school; size=168; angle=-0.17; yellow=(236, 197, 49); brightness=0.97; contrast=1.04; offset=(35,27)",ed84a0e8b7a30c997a250bd673a5ecada3d3bcd21c271217b679ccdade42131b,Project-owned generated warning-sign candidate; not real camera coverage.
stage_c_sprint_06_warning_symbols,S06-061_school_zone,school_zone,warning_symbol,data/generated/stage_c_sprint_06_warning_symbols/school_zone/S06-061_school_zone.jpg,generated_candidate,pending_stage_d_visual_qc,"symbol=school; size=189; angle=-3.03; yellow=(245, 176, 28); brightness=0.99; contrast=1.03; offset=(14,19)",694d07a6d008eb5e6dc44dd2d8461770356d56a79a712193857b4e2d6fd0c295,Project-owned generated warning-sign candidate; not real camera coverage.
stage_c_sprint_06_warning_symbols,S06-062_school_zone,school_zone,warning_symbol,data/generated/stage_c_sprint_06_warning_symbols/school_zone/S06-062_school_zone.jpg,generated_candidate,pending_stage_d_visual_qc,"symbol=school; size=156; angle=3.40; yellow=(237, 209, 48); brightness=0.95; contrast=0.89; offset=(29,38)",8c38eb9ae5b7d46ff32cb10699c37b1b826768573f84dd674cd513eb0a6d06d1,Project-owned generated warning-sign candidate; not real camera coverage.
stage_c_sprint_06_warning_symbols,S06-063_school_zone,school_zone,warning_symbol,data/generated/stage_c_sprint_06_warning_symbols/school_zone/S06-063_school_zone.jpg,generated_candidate,pending_stage_d_visual_qc,"symbol=school; size=187; angle=-0.55; yellow=(243, 212, 41); brightness=1.03; contrast=1.00; offset=(20,18)",343094026ab050327443182ea1f0526e578b9e92a3ce56b082d3a22fa8041eba,Project-owned generated warning-sign candidate; not real camera coverage.
stage_c_sprint_06_warning_symbols,S06-064_school_zone,school_zone,warning_symbol,data/generated/stage_c_sprint_06_warning_symbols/school_zone/S06-064_school_zone.jpg,generated_candidate,pending_stage_d_visual_qc,"symbol=school; size=168; angle=6.08; yellow=(226, 209, 52); brightness=1.08; contrast=0.89; offset=(23,16)",6408243c80f91053b47cbd015264a42ed66b7b745fb0e7b4fc09c6adf17b0c61,Project-owned generated warning-sign candidate; not real camera coverage.
stage_c_sprint_06_warning_symbols,S06-065_school_zone,school_zone,warning_symbol,data/generated/stage_c_sprint_06_warning_symbols/school_zone/S06-065_school_zone.jpg,generated_candidate,pending_stage_d_visual_qc,"symbol=school; size=180; angle=6.75; yellow=(241, 177, 58); brightness=1.04; contrast=0.99; offset=(13,6)",e5324314000171b7959239b6ae62c4016f13805aff3fa02f102e08054553a387,Project-owned generated warning-sign candidate; not real camera coverage.
stage_c_sprint_06_warning_symbols,S06-066_school_zone,school_zone,warning_symbol,data/generated/stage_c_sprint_06_warning_symbols/school_zone/S06-066_school_zone.jpg,generated_candidate,pending_stage_d_visual_qc,"symbol=school; size=188; angle=-6.17; yellow=(242, 192, 34); brightness=0.91; contrast=0.91; offset=(17,10)",d2a2166b41df6d82d3aea7b783efe5c66073b42f1026b57cf06296500ca64a09,Project-owned generated warning-sign candidate; not real camera coverage.
stage_c_sprint_06_warning_symbols,S06-067_school_zone,school_zone,warning_symbol,data/generated/stage_c_sprint_06_warning_symbols/school_zone/S06-067_school_zone.jpg,generated_candidate,pending_stage_d_visual_qc,"symbol=school; size=165; angle=0.00; yellow=(237, 209, 30); brightness=0.99; contrast=0.88; offset=(24,22)",0d5a97bbdca81651a49e489c534ab40f83ec5c143e99f5a04eae63a0d4ec3464,Project-owned generated warning-sign candidate; not real camera coverage.
stage_c_sprint_06_warning_symbols,S06-068_school_zone,school_zone,warning_symbol,data/generated/stage_c_sprint_06_warning_symbols/school_zone/S06-068_school_zone.jpg,generated_candidate,pending_stage_d_visual_qc,"symbol=school; size=196; angle=4.03; yellow=(224, 212, 49); brightness=0.96; contrast=0.93; offset=(0,5)",e163f97b1f3dc5e25a1b676d3f6707285b6588542647930d3baf69f07d2cdd32,Project-owned generated warning-sign candidate; not real camera coverage.
stage_c_sprint_06_warning_symbols,S06-069_school_zone,school_zone,warning_symbol,data/generated/stage_c_sprint_06_warning_symbols/school_zone/S06-069_school_zone.jpg,generated_candidate,pending_stage_d_visual_qc,"symbol=school; size=178; angle=1.34; yellow=(232, 186, 44); brightness=0.94; contrast=1.03; offset=(29,21)",15c0d2762555253fa812c793856a9772b564a25dec17f7b6e394548a8c9e6c86,Project-owned generated warning-sign candidate; not real camera coverage.
stage_c_sprint_06_warning_symbols,S06-070_school_zone,school_zone,warning_symbol,data/generated/stage_c_sprint_06_warning_symbols/school_zone/S06-070_school_zone.jpg,generated_candidate,pending_stage_d_visual_qc,"symbol=school; size=159; angle=3.82; yellow=(246, 189, 60); brightness=0.88; contrast=1.06; offset=(26,26)",68c803bf4c5e86a1f3f954a8a595cd9a5645887a709f4a3c8476689e3eb38c0a,Project-owned generated warning-sign candidate; not real camera coverage.
stage_c_sprint_06_warning_symbols,S06-071_school_zone,school_zone,warning_symbol,data/generated/stage_c_sprint_06_warning_symbols/school_zone/S06-071_school_zone.jpg,generated_candidate,pending_stage_d_visual_qc,"symbol=school; size=156; angle=-4.33; yellow=(228, 204, 40); brightness=0.88; contrast=1.00; offset=(19,25)",ffd99633277a3f895c381ac56c0a3a8e797f32f6e5cd2c7ae8e900a33136c2f7,Project-owned generated warning-sign candidate; not real camera coverage.
stage_c_sprint_06_warning_symbols,S06-072_school_zone,school_zone,warning_symbol,data/generated/stage_c_sprint_06_warning_symbols/school_zone/S06-072_school_zone.jpg,generated_candidate,pending_stage_d_visual_qc,"symbol=school; size=165; angle=-2.44; yellow=(226, 190, 45); brightness=0.97; contrast=1.09; offset=(34,17)",6163a2715b7fcfefedce1869c4da893bc26522bd93f9845402f46346c945c16f,Project-owned generated warning-sign candidate; not real camera coverage.
stage_c_sprint_06_warning_symbols,S06-073_school_zone,school_zone,warning_symbol,data/generated/stage_c_sprint_06_warning_symbols/school_zone/S06-073_school_zone.jpg,generated_candidate,pending_stage_d_visual_qc,"symbol=school; size=161; angle=2.39; yellow=(252, 215, 59); brightness=0.99; contrast=1.05; offset=(20,32)",300a02da1ef7ff410a96633917890d7761529b23d258a31e0a9d3b118218221b,Project-owned generated warning-sign candidate; not real camera coverage.
stage_c_sprint_06_warning_symbols,S06-074_school_zone,school_zone,warning_symbol,data/generated/stage_c_sprint_06_warning_symbols/school_zone/S06-074_school_zone.jpg,generated_candidate,pending_stage_d_visual_qc,"symbol=school; size=174; angle=-4.02; yellow=(231, 210, 31); brightness=0.92; contrast=1.09; offset=(16,17)",03d3856c9429f84ee83da86d098bcc401207fc97fa66fbde4f77379994bc3e48,Project-owned generated warning-sign candidate; not real camera coverage.
stage_c_sprint_06_warning_symbols,S06-075_school_zone,school_zone,warning_symbol,data/generated/stage_c_sprint_06_warning_symbols/school_zone/S06-075_school_zone.jpg,generated_candidate,pending_stage_d_visual_qc,"symbol=school; size=195; angle=3.42; yellow=(251, 215, 29); brightness=1.09; contrast=1.00; offset=(12,10)",16e2c3963d8f3b74392814503b19d6bcbfeb9b0983ec6d086f8e9ae1af8a759b,Project-owned generated warning-sign candidate; not real camera coverage.
stage_c_sprint_06_warning_symbols,S06-076_school_zone,school_zone,warning_symbol,data/generated/stage_c_sprint_06_warning_symbols/school_zone/S06-076_school_zone.jpg,generated_candidate,pending_stage_d_visual_qc,"symbol=school; size=175; angle=4.26; yellow=(228, 191, 31); brightness=0.96; contrast=0.92; offset=(13,16)",29553db70b0522b9ff51324923162beb92a49154e6064565d4e1c949d3c36cb4,Project-owned generated warning-sign candidate; not real camera coverage.
stage_c_sprint_06_warning_symbols,S06-077_school_zone,school_zone,warning_symbol,data/generated/stage_c_sprint_06_warning_symbols/school_zone/S06-077_school_zone.jpg,generated_candidate,pending_stage_d_visual_qc,"symbol=school; size=181; angle=0.46; yellow=(226, 195, 36); brightness=0.96; contrast=1.05; offset=(23,20)",911520bf05c78281f8ea13be4072dd6b0d14f5cfb666d6199fa363dd81975678,Project-owned generated warning-sign candidate; not real camera coverage.
stage_c_sprint_06_warning_symbols,S06-078_school_zone,school_zone,warning_symbol,data/generated/stage_c_sprint_06_warning_symbols/school_zone/S06-078_school_zone.jpg,generated_candidate,pending_stage_d_visual_qc,"symbol=school; size=159; angle=-4.37; yellow=(236, 177, 29); brightness=1.10; contrast=1.05; offset=(26,19)",a3c3f0a5e4e40db21441b8db06457c0d68b8981f874e37ba14bb1027fbc12a7e,Project-owned generated warning-sign candidate; not real camera coverage.
stage_c_sprint_06_warning_symbols,S06-079_school_zone,school_zone,warning_symbol,data/generated/stage_c_sprint_06_warning_symbols/school_zone/S06-079_school_zone.jpg,generated_candidate,pending_stage_d_visual_qc,"symbol=school; size=204; angle=-5.23; yellow=(248, 201, 52); brightness=1.06; contrast=0.95; offset=(-2,-6)",de99b0bd9feeb79e7077f5786d79d59df3b95519cf4591357288624d1435f853,Project-owned generated warning-sign candidate; not real camera coverage.
stage_c_sprint_06_warning_symbols,S06-080_school_zone,school_zone,warning_symbol,data/generated/stage_c_sprint_06_warning_symbols/school_zone/S06-080_school_zone.jpg,generated_candidate,pending_stage_d_visual_qc,"symbol=school; size=192; angle=6.70; yellow=(235, 200, 28); brightness=1.10; contrast=0.88; offset=(0,-1)",9b91fcb48380c26852af9f7618bf017383b102086c1bae4b52c5183ad7fbe922,Project-owned generated warning-sign candidate; not real camera coverage.
stage_c_sprint_06_warning_symbols,S06-081_school_zone,school_zone,warning_symbol,data/generated/stage_c_sprint_06_warning_symbols/school_zone/S06-081_school_zone.jpg,generated_candidate,pending_stage_d_visual_qc,"symbol=school; size=184; angle=0.55; yellow=(252, 180, 30); brightness=0.88; contrast=0.92; offset=(19,14)",8ba0f44eef6ee24b6e09d36f383b7fce3e1c7a8fac6f02f7fe4c27ff7e6052c1,Project-owned generated warning-sign candidate; not real camera coverage.
stage_c_sprint_06_warning_symbols,S06-082_school_zone,school_zone,warning_symbol,data/generated/stage_c_sprint_06_warning_symbols/school_zone/S06-082_school_zone.jpg,generated_candidate,pending_stage_d_visual_qc,"symbol=school; size=169; angle=-5.67; yellow=(230, 203, 25); brightness=0.95; contrast=1.07; offset=(25,11)",415f1b704783a001d2e4f99347fcfe094bbddc21fd82df73d3da034ed7ac32a0,Project-owned generated warning-sign candidate; not real camera coverage.
stage_c_sprint_06_warning_symbols,S06-083_school_zone,school_zone,warning_symbol,data/generated/stage_c_sprint_06_warning_symbols/school_zone/S06-083_school_zone.jpg,generated_candidate,pending_stage_d_visual_qc,"symbol=school; size=201; angle=-6.37; yellow=(252, 205, 41); brightness=1.05; contrast=0.88; offset=(-8,-3)",d7180ee6faa1e841c62f0953bd2d42b165a1d4d5eb4b85b2bb677f5eea09b4c7,Project-owned generated warning-sign candidate; not real camera coverage.
stage_c_sprint_06_warning_symbols,S06-084_school_zone,school_zone,warning_symbol,data/generated/stage_c_sprint_06_warning_symbols/school_zone/S06-084_school_zone.jpg,generated_candidate,pending_stage_d_visual_qc,"symbol=school; size=171; angle=6.77; yellow=(223, 217, 45); brightness=0.91; contrast=0.93; offset=(8,18)",791dd120a1ba1caab32edd1a1008c7dcf3e1c80a22d204023c20f627bc5c3184,Project-owned generated warning-sign candidate; not real camera coverage.
stage_c_sprint_06_warning_symbols,S06-085_school_zone,school_zone,warning_symbol,data/generated/stage_c_sprint_06_warning_symbols/school_zone/S06-085_school_zone.jpg,generated_candidate,pending_stage_d_visual_qc,"symbol=school; size=200; angle=-5.68; yellow=(252, 193, 27); brightness=0.97; contrast=1.07; offset=(6,-3)",b2f0efe50eeebb74af86b71137e0b252ab950971653336a139d49ce751a18ea8,Project-owned generated warning-sign candidate; not real camera coverage.
stage_c_sprint_06_warning_symbols,S06-086_school_zone,school_zone,warning_symbol,data/generated/stage_c_sprint_06_warning_symbols/school_zone/S06-086_school_zone.jpg,generated_candidate,pending_stage_d_visual_qc,"symbol=school; size=167; angle=-2.46; yellow=(249, 184, 26); brightness=1.10; contrast=0.94; offset=(22,32)",2ef3d46097d1219570b77680e8b115adab24b6a18e0e3a2a885e182c0be54aa1,Project-owned generated warning-sign candidate; not real camera coverage.
stage_c_sprint_06_warning_symbols,S06-087_school_zone,school_zone,warning_symbol,data/generated/stage_c_sprint_06_warning_symbols/school_zone/S06-087_school_zone.jpg,generated_candidate,pending_stage_d_visual_qc,"symbol=school; size=182; angle=2.02; yellow=(242, 216, 61); brightness=1.04; contrast=1.05; offset=(26,17)",9da990e9bb0eb84707d4044ff811a89ba4e0a6ac63b1949eb1e8f4a390611560,Project-owned generated warning-sign candidate; not real camera coverage.
stage_c_sprint_06_warning_symbols,S06-088_school_zone,school_zone,warning_symbol,data/generated/stage_c_sprint_06_warning_symbols/school_zone/S06-088_school_zone.jpg,generated_candidate,pending_stage_d_visual_qc,"symbol=school; size=174; angle=-6.66; yellow=(241, 197, 61); brightness=1.11; contrast=1.05; offset=(7,19)",649ddaa064c868b5293971447af9dd97d6cb245e9f77825b11185fe99ec061f7,Project-owned generated warning-sign candidate; not real camera coverage.
stage_c_sprint_06_warning_symbols,S06-089_school_zone,school_zone,warning_symbol,data/generated/stage_c_sprint_06_warning_symbols/school_zone/S06-089_school_zone.jpg,generated_candidate,pending_stage_d_visual_qc,"symbol=school; size=187; angle=6.57; yellow=(243, 180, 50); brightness=0.97; contrast=1.09; offset=(2,12)",aa590e0cc24ef8aa691d915c3444c0dbc5bd6a95ed5dc86906ba5b12b712efa6,Project-owned generated warning-sign candidate; not real camera coverage.
stage_c_sprint_06_warning_symbols,S06-090_school_zone,school_zone,warning_symbol,data/generated/stage_c_sprint_06_warning_symbols/school_zone/S06-090_school_zone.jpg,generated_candidate,pending_stage_d_visual_qc,"symbol=school; size=176; angle=-3.33; yellow=(233, 174, 51); brightness=1.12; contrast=1.03; offset=(13,11)",028b22e2c991d3edc44f4222b6734829440399cf85cab2a9ac8fa72ec4e490e7,Project-owned generated warning-sign candidate; not real camera coverage.
stage_c_sprint_06_warning_symbols,S06-091_school_zone,school_zone,warning_symbol,data/generated/stage_c_sprint_06_warning_symbols/school_zone/S06-091_school_zone.jpg,generated_candidate,pending_stage_d_visual_qc,"symbol=school; size=178; angle=-6.07; yellow=(232, 213, 57); brightness=1.00; contrast=1.05; offset=(15,15)",f616239dab5a234037d87fadfd6eb8391fba42685eddd79140f4795f1fbad2b4,Project-owned generated warning-sign candidate; not real camera coverage.
stage_c_sprint_06_warning_symbols,S06-092_school_zone,school_zone,warning_symbol,data/generated/stage_c_sprint_06_warning_symbols/school_zone/S06-092_school_zone.jpg,generated_candidate,pending_stage_d_visual_qc,"symbol=school; size=186; angle=-2.28; yellow=(235, 218, 45); brightness=0.93; contrast=0.94; offset=(14,6)",c02ed3c129d3ebcc1f36d51313f6ff5356075ac57dd7530b474b64180cf7c030,Project-owned generated warning-sign candidate; not real camera coverage.
stage_c_sprint_06_warning_symbols,S06-093_school_zone,school_zone,warning_symbol,data/generated/stage_c_sprint_06_warning_symbols/school_zone/S06-093_school_zone.jpg,generated_candidate,pending_stage_d_visual_qc,"symbol=school; size=195; angle=-6.00; yellow=(232, 208, 30); brightness=0.89; contrast=0.89; offset=(-4,-3)",309ed09aa2d85563e930e2df78962d58491cf0d2a9384378ffa4884b2a45d136,Project-owned generated warning-sign candidate; not real camera coverage.
stage_c_sprint_06_warning_symbols,S06-094_school_zone,school_zone,warning_symbol,data/generated/stage_c_sprint_06_warning_symbols/school_zone/S06-094_school_zone.jpg,generated_candidate,pending_stage_d_visual_qc,"symbol=school; size=196; angle=3.25; yellow=(241, 198, 56); brightness=1.03; contrast=0.98; offset=(0,7)",099dc3be38976c2301053448c6827cb1d50242a98288c9c646659c43e331525e,Project-owned generated warning-sign candidate; not real camera coverage.
stage_c_sprint_06_warning_symbols,S06-095_school_zone,school_zone,warning_symbol,data/generated/stage_c_sprint_06_warning_symbols/school_zone/S06-095_school_zone.jpg,generated_candidate,pending_stage_d_visual_qc,"symbol=school; size=184; angle=-3.39; yellow=(244, 174, 43); brightness=1.06; contrast=0.98; offset=(21,6)",9e417f235cbd6d29478c95f066a5fe6254e228be51c8e50b97d6059c460c5382,Project-owned generated warning-sign candidate; not real camera coverage.
stage_c_sprint_06_warning_symbols,S06-096_school_zone,school_zone,warning_symbol,data/generated/stage_c_sprint_06_warning_symbols/school_zone/S06-096_school_zone.jpg,generated_candidate,pending_stage_d_visual_qc,"symbol=school; size=183; angle=-4.86; yellow=(249, 202, 25); brightness=0.92; contrast=1.00; offset=(3,17)",570ce6f3a203918ae13b2d74dd7e512db092653cabdbd765d69dabd77a6c7fef,Project-owned generated warning-sign candidate; not real camera coverage.
stage_c_sprint_06_warning_symbols,S06-097_school_zone,school_zone,warning_symbol,data/generated/stage_c_sprint_06_warning_symbols/school_zone/S06-097_school_zone.jpg,generated_candidate,pending_stage_d_visual_qc,"symbol=school; size=199; angle=6.34; yellow=(222, 197, 43); brightness=1.06; contrast=1.09; offset=(-6,-3)",8dcdbd2ad4ccbcb1928a973589c6e69ad3827035cf73b74ba4050a6775fe970f,Project-owned generated warning-sign candidate; not real camera coverage.
stage_c_sprint_06_warning_symbols,S06-098_school_zone,school_zone,warning_symbol,data/generated/stage_c_sprint_06_warning_symbols/school_zone/S06-098_school_zone.jpg,generated_candidate,pending_stage_d_visual_qc,"symbol=school; size=179; angle=4.28; yellow=(244, 175, 49); brightness=1.09; contrast=1.00; offset=(22,17)",1414f19aed613e24873407b40c5b82e69e685fb8060a687c03f28a907f85fd43,Project-owned generated warning-sign candidate; not real camera coverage.
stage_c_sprint_06_warning_symbols,S06-099_school_zone,school_zone,warning_symbol,data/generated/stage_c_sprint_06_warning_symbols/school_zone/S06-099_school_zone.jpg,generated_candidate,pending_stage_d_visual_qc,"symbol=school; size=156; angle=-1.63; yellow=(249, 186, 50); brightness=1.04; contrast=0.91; offset=(30,38)",69c5e1b0c65ee74203245e17547843037b74fa85b09ce166fc3bddabb9f5c25d,Project-owned generated warning-sign candidate; not real camera coverage.
stage_c_sprint_06_warning_symbols,S06-100_school_zone,school_zone,warning_symbol,data/generated/stage_c_sprint_06_warning_symbols/school_zone/S06-100_school_zone.jpg,generated_candidate,pending_stage_d_visual_qc,"symbol=school; size=192; angle=-2.72; yellow=(243, 215, 32); brightness=0.89; contrast=0.98; offset=(13,2)",d7213a852acb5f6e874a06242ec7ccd9f17fd7435917c73f9b689b5463fa8ca3,Project-owned generated warning-sign candidate; not real camera coverage.
stage_c_sprint_06_warning_symbols,S06-101_steep_descent,steep_descent,warning_symbol,data/generated/stage_c_sprint_06_warning_symbols/steep_descent/S06-101_steep_descent.jpg,generated_candidate,pending_stage_d_visual_qc,"symbol=steep_descent; size=202; angle=4.68; yellow=(246, 201, 28); brightness=1.01; contrast=0.99; offset=(6,-3)",6889e2708e9fa48cb4e5644037ab1b1e0278e4b915e1c9cc8fece05bc4f61c19,Project-owned generated warning-sign candidate; not real camera coverage.
stage_c_sprint_06_warning_symbols,S06-102_steep_descent,steep_descent,warning_symbol,data/generated/stage_c_sprint_06_warning_symbols/steep_descent/S06-102_steep_descent.jpg,generated_candidate,pending_stage_d_visual_qc,"symbol=steep_descent; size=200; angle=-0.50; yellow=(224, 209, 27); brightness=0.90; contrast=1.02; offset=(6,10)",479f2ccb2f100db1e17fdfdc23c8755d50c1da3fc8d18286bf1e5cbe3249ab2d,Project-owned generated warning-sign candidate; not real camera coverage.
stage_c_sprint_06_warning_symbols,S06-103_steep_descent,steep_descent,warning_symbol,data/generated/stage_c_sprint_06_warning_symbols/steep_descent/S06-103_steep_descent.jpg,generated_candidate,pending_stage_d_visual_qc,"symbol=steep_descent; size=170; angle=5.00; yellow=(242, 182, 32); brightness=0.93; contrast=0.93; offset=(15,16)",89ed201f69d337adb3bdcc3d4e227ba9b9ff7767e9898e5477f4266b0ee59da3,Project-owned generated warning-sign candidate; not real camera coverage.
stage_c_sprint_06_warning_symbols,S06-104_steep_descent,steep_descent,warning_symbol,data/generated/stage_c_sprint_06_warning_symbols/steep_descent/S06-104_steep_descent.jpg,generated_candidate,pending_stage_d_visual_qc,"symbol=steep_descent; size=202; angle=-5.82; yellow=(238, 214, 61); brightness=1.06; contrast=0.89; offset=(-8,8)",d116f1a75f67523a4c1af8c204aef97e212ffc247866ea1dc145507fbd460063,Project-owned generated warning-sign candidate; not real camera coverage.
stage_c_sprint_06_warning_symbols,S06-105_steep_descent,steep_descent,warning_symbol,data/generated/stage_c_sprint_06_warning_symbols/steep_descent/S06-105_steep_descent.jpg,generated_candidate,pending_stage_d_visual_qc,"symbol=steep_descent; size=183; angle=1.51; yellow=(249, 192, 26); brightness=1.06; contrast=1.02; offset=(18,19)",df3c15d807b52415071f928585dda645f5563ef0ea954ce0190ec2515baf590c,Project-owned generated warning-sign candidate; not real camera coverage.
stage_c_sprint_06_warning_symbols,S06-106_steep_descent,steep_descent,warning_symbol,data/generated/stage_c_sprint_06_warning_symbols/steep_descent/S06-106_steep_descent.jpg,generated_candidate,pending_stage_d_visual_qc,"symbol=steep_descent; size=170; angle=-4.62; yellow=(231, 186, 48); brightness=0.99; contrast=0.92; offset=(28,27)",e105addc94c42901a57a3db2b523552bc1fe41bc878107508d015b6f5d5ce0e3,Project-owned generated warning-sign candidate; not real camera coverage.
stage_c_sprint_06_warning_symbols,S06-107_steep_descent,steep_descent,warning_symbol,data/generated/stage_c_sprint_06_warning_symbols/steep_descent/S06-107_steep_descent.jpg,generated_candidate,pending_stage_d_visual_qc,"symbol=steep_descent; size=198; angle=-1.12; yellow=(223, 213, 54); brightness=1.11; contrast=1.00; offset=(2,6)",e8d07cf2bb8e0ad8af71e8592f7e86c617d7a398557ab8fa2c023bd46b207d3a,Project-owned generated warning-sign candidate; not real camera coverage.
stage_c_sprint_06_warning_symbols,S06-108_steep_descent,steep_descent,warning_symbol,data/generated/stage_c_sprint_06_warning_symbols/steep_descent/S06-108_steep_descent.jpg,generated_candidate,pending_stage_d_visual_qc,"symbol=steep_descent; size=160; angle=-6.43; yellow=(239, 202, 62); brightness=0.96; contrast=1.12; offset=(31,24)",5b6023c9cb54a2d4ccc7b0989db13d609e9d9b85acd9dbff0460702acec0cc48,Project-owned generated warning-sign candidate; not real camera coverage.
stage_c_sprint_06_warning_symbols,S06-109_steep_descent,steep_descent,warning_symbol,data/generated/stage_c_sprint_06_warning_symbols/steep_descent/S06-109_steep_descent.jpg,generated_candidate,pending_stage_d_visual_qc,"symbol=steep_descent; size=179; angle=-0.58; yellow=(234, 198, 34); brightness=1.01; contrast=1.03; offset=(21,20)",64ba05ffd41d9b5a7cdddb97a3a923473d52c4229f685edab6ebd820a214196d,Project-owned generated warning-sign candidate; not real camera coverage.
stage_c_sprint_06_warning_symbols,S06-110_steep_descent,steep_descent,warning_symbol,data/generated/stage_c_sprint_06_warning_symbols/steep_descent/S06-110_steep_descent.jpg,generated_candidate,pending_stage_d_visual_qc,"symbol=steep_descent; size=174; angle=-2.72; yellow=(246, 193, 39); brightness=1.00; contrast=0.93; offset=(15,21)",855c95e1162af8514b2e41f7b81152d515f2a2a0340cdbd88fbc944111ed0832,Project-owned generated warning-sign candidate; not real camera coverage.
stage_c_sprint_06_warning_symbols,S06-111_steep_descent,steep_descent,warning_symbol,data/generated/stage_c_sprint_06_warning_symbols/steep_descent/S06-111_steep_descent.jpg,generated_candidate,pending_stage_d_visual_qc,"symbol=steep_descent; size=162; angle=1.36; yellow=(238, 212, 41); brightness=0.90; contrast=0.98; offset=(30,29)",d381add08621b12417b4c9a2c83034be7032fd4ee480eea6c3f3adfa06a966b1,Project-owned generated warning-sign candidate; not real camera coverage.
stage_c_sprint_06_warning_symbols,S06-112_steep_descent,steep_descent,warning_symbol,data/generated/stage_c_sprint_06_warning_symbols/steep_descent/S06-112_steep_descent.jpg,generated_candidate,pending_stage_d_visual_qc,"symbol=steep_descent; size=178; angle=1.71; yellow=(250, 183, 43); brightness=1.01; contrast=0.94; offset=(22,18)",2214548e83300b1d1aed1098d92081ad5b0e7ad50f9193f550c22028c651c4e0,Project-owned generated warning-sign candidate; not real camera coverage.
stage_c_sprint_06_warning_symbols,S06-113_steep_descent,steep_descent,warning_symbol,data/generated/stage_c_sprint_06_warning_symbols/steep_descent/S06-113_steep_descent.jpg,generated_candidate,pending_stage_d_visual_qc,"symbol=steep_descent; size=203; angle=0.03; yellow=(248, 200, 34); brightness=0.90; contrast=0.96; offset=(17,6)",440a245822e711373799835b32f33916d2fdfefe49ee880cafcb8b008346e772,Project-owned generated warning-sign candidate; not real camera coverage.
stage_c_sprint_06_warning_symbols,S06-114_steep_descent,steep_descent,warning_symbol,data/generated/stage_c_sprint_06_warning_symbols/steep_descent/S06-114_steep_descent.jpg,generated_candidate,pending_stage_d_visual_qc,"symbol=steep_descent; size=180; angle=-0.83; yellow=(226, 184, 29); brightness=1.08; contrast=1.11; offset=(15,12)",291df62e2801160036edb873d9d0f7f491602401ed3e05da3ea23c003b0d2505,Project-owned generated warning-sign candidate; not real camera coverage.
stage_c_sprint_06_warning_symbols,S06-115_steep_descent,steep_descent,warning_symbol,data/generated/stage_c_sprint_06_warning_symbols/steep_descent/S06-115_steep_descent.jpg,generated_candidate,pending_stage_d_visual_qc,"symbol=steep_descent; size=186; angle=-4.61; yellow=(243, 188, 29); brightness=1.10; contrast=1.09; offset=(18,5)",36b5f013d8db2bce503992d284def94fa6c81b99e247aadb26724ee99824f4b9,Project-owned generated warning-sign candidate; not real camera coverage.
stage_c_sprint_06_warning_symbols,S06-116_steep_descent,steep_descent,warning_symbol,data/generated/stage_c_sprint_06_warning_symbols/steep_descent/S06-116_steep_descent.jpg,generated_candidate,pending_stage_d_visual_qc,"symbol=steep_descent; size=161; angle=-3.12; yellow=(226, 191, 24); brightness=0.91; contrast=0.96; offset=(31,34)",19f489e12b00d6959a71a8222b5c15a4fed741c7e844366fe31baa9a9422ca26,Project-owned generated warning-sign candidate; not real camera coverage.
stage_c_sprint_06_warning_symbols,S06-117_steep_descent,steep_descent,warning_symbol,data/generated/stage_c_sprint_06_warning_symbols/steep_descent/S06-117_steep_descent.jpg,generated_candidate,pending_stage_d_visual_qc,"symbol=steep_descent; size=166; angle=-5.29; yellow=(232, 187, 59); brightness=1.02; contrast=1.09; offset=(19,18)",3f1e8f861f46b1ab9c73180541c568c68bceea9d2686f334800d33d9453789c2,Project-owned generated warning-sign candidate; not real camera coverage.
stage_c_sprint_06_warning_symbols,S06-118_steep_descent,steep_descent,warning_symbol,data/generated/stage_c_sprint_06_warning_symbols/steep_descent/S06-118_steep_descent.jpg,generated_candidate,pending_stage_d_visual_qc,"symbol=steep_descent; size=182; angle=-6.67; yellow=(248, 198, 30); brightness=0.93; contrast=1.00; offset=(19,6)",8143e767b396ab55d6c0391942faa62d4f68012e6e8ba88bb9794fd228c9962d,Project-owned generated warning-sign candidate; not real camera coverage.
stage_c_sprint_06_warning_symbols,S06-119_steep_descent,steep_descent,warning_symbol,data/generated/stage_c_sprint_06_warning_symbols/steep_descent/S06-119_steep_descent.jpg,generated_candidate,pending_stage_d_visual_qc,"symbol=steep_descent; size=165; angle=-3.95; yellow=(224, 192, 52); brightness=1.07; contrast=1.00; offset=(31,31)",0b0f9a716081643377dae7f45d2c7e6080123850fbd6834c82d09d9bc31c52e6,Project-owned generated warning-sign candidate; not real camera coverage.
stage_c_sprint_06_warning_symbols,S06-120_steep_descent,steep_descent,warning_symbol,data/generated/stage_c_sprint_06_warning_symbols/steep_descent/S06-120_steep_descent.jpg,generated_candidate,pending_stage_d_visual_qc,"symbol=steep_descent; size=169; angle=-2.44; yellow=(232, 211, 46); brightness=0.95; contrast=0.94; offset=(27,25)",93cb055f996b6762f6621bc4e9705ed68a81c75f8638623606bc920cae0011cf,Project-owned generated warning-sign candidate; not real camera coverage.
stage_c_sprint_06_warning_symbols,S06-121_steep_descent,steep_descent,warning_symbol,data/generated/stage_c_sprint_06_warning_symbols/steep_descent/S06-121_steep_descent.jpg,generated_candidate,pending_stage_d_visual_qc,"symbol=steep_descent; size=157; angle=4.16; yellow=(234, 187, 41); brightness=0.94; contrast=1.09; offset=(31,33)",027d8764079b0ce1d315c4e9238b1140871881f24e5d171c6493b376fc8efe1b,Project-owned generated warning-sign candidate; not real camera coverage.
stage_c_sprint_06_warning_symbols,S06-122_steep_descent,steep_descent,warning_symbol,data/generated/stage_c_sprint_06_warning_symbols/steep_descent/S06-122_steep_descent.jpg,generated_candidate,pending_stage_d_visual_qc,"symbol=steep_descent; size=204; angle=-2.17; yellow=(228, 175, 33); brightness=1.05; contrast=1.10; offset=(8,11)",7c41605a626e6d095c6fe089be16a16c91bf7e90623222cb1be65a9cf50fbdc9,Project-owned generated warning-sign candidate; not real camera coverage.
stage_c_sprint_06_warning_symbols,S06-123_steep_descent,steep_descent,warning_symbol,data/generated/stage_c_sprint_06_warning_symbols/steep_descent/S06-123_steep_descent.jpg,generated_candidate,pending_stage_d_visual_qc,"symbol=steep_descent; size=203; angle=-3.06; yellow=(238, 206, 60); brightness=1.04; contrast=1.00; offset=(8,-3)",81c0d544b6179934a48a0b05e29819d438cec35fdf034158a2cd9d65965919ad,Project-owned generated warning-sign candidate; not real camera coverage.
stage_c_sprint_06_warning_symbols,S06-124_steep_descent,steep_descent,warning_symbol,data/generated/stage_c_sprint_06_warning_symbols/steep_descent/S06-124_steep_descent.jpg,generated_candidate,pending_stage_d_visual_qc,"symbol=steep_descent; size=188; angle=-0.56; yellow=(249, 215, 51); brightness=0.95; contrast=0.98; offset=(10,18)",ea5c2183f353356313558b277052c5148f7bf5a4697fd440527e1e3ba412dd10,Project-owned generated warning-sign candidate; not real camera coverage.
stage_c_sprint_06_warning_symbols,S06-125_steep_descent,steep_descent,warning_symbol,data/generated/stage_c_sprint_06_warning_symbols/steep_descent/S06-125_steep_descent.jpg,generated_candidate,pending_stage_d_visual_qc,"symbol=steep_descent; size=166; angle=-2.97; yellow=(226, 191, 49); brightness=0.88; contrast=1.09; offset=(25,26)",879562031f22af8e6e39d523f37ddccacf4758e5e7cf8785d79ff831a59833b6,Project-owned generated warning-sign candidate; not real camera coverage.
stage_c_sprint_06_warning_symbols,S06-126_steep_descent,steep_descent,warning_symbol,data/generated/stage_c_sprint_06_warning_symbols/steep_descent/S06-126_steep_descent.jpg,generated_candidate,pending_stage_d_visual_qc,"symbol=steep_descent; size=190; angle=5.17; yellow=(236, 208, 52); brightness=1.04; contrast=0.97; offset=(5,17)",f0788e0961a56a0c058114993fdc36d03880c20256b057ca3be4c4eb49c06b44,Project-owned generated warning-sign candidate; not real camera coverage.
stage_c_sprint_06_warning_symbols,S06-127_steep_descent,steep_descent,warning_symbol,data/generated/stage_c_sprint_06_warning_symbols/steep_descent/S06-127_steep_descent.jpg,generated_candidate,pending_stage_d_visual_qc,"symbol=steep_descent; size=184; angle=6.24; yellow=(231, 215, 31); brightness=0.94; contrast=1.07; offset=(15,7)",92efc5776d51f4645fc045cb1a7f6382118faab16f822e8f2a9b788b1f1e774d,Project-owned generated warning-sign candidate; not real camera coverage.
stage_c_sprint_06_warning_symbols,S06-128_steep_descent,steep_descent,warning_symbol,data/generated/stage_c_sprint_06_warning_symbols/steep_descent/S06-128_steep_descent.jpg,generated_candidate,pending_stage_d_visual_qc,"symbol=steep_descent; size=177; angle=6.42; yellow=(225, 179, 40); brightness=0.95; contrast=0.95; offset=(12,17)",9364465e3e151f1ba23dfba92b0ea086b125bd0658a379a990a75591305d3db1,Project-owned generated warning-sign candidate; not real camera coverage.
stage_c_sprint_06_warning_symbols,S06-129_steep_descent,steep_descent,warning_symbol,data/generated/stage_c_sprint_06_warning_symbols/steep_descent/S06-129_steep_descent.jpg,generated_candidate,pending_stage_d_visual_qc,"symbol=steep_descent; size=192; angle=0.50; yellow=(239, 181, 50); brightness=1.06; contrast=1.12; offset=(23,9)",2bb1c020e480720e3e6c4459388921c12f5d2d984442527848d11d80629e7c2e,Project-owned generated warning-sign candidate; not real camera coverage.
stage_c_sprint_06_warning_symbols,S06-130_steep_descent,steep_descent,warning_symbol,data/generated/stage_c_sprint_06_warning_symbols/steep_descent/S06-130_steep_descent.jpg,generated_candidate,pending_stage_d_visual_qc,"symbol=steep_descent; size=157; angle=1.55; yellow=(245, 206, 52); brightness=1.11; contrast=1.09; offset=(23,33)",7c6ed64996df00d8040719930dd9540af7ecddf124b8307b94264c94fae047dc,Project-owned generated warning-sign candidate; not real camera coverage.
stage_c_sprint_06_warning_symbols,S06-131_steep_descent,steep_descent,warning_symbol,data/generated/stage_c_sprint_06_warning_symbols/steep_descent/S06-131_steep_descent.jpg,generated_candidate,pending_stage_d_visual_qc,"symbol=steep_descent; size=174; angle=2.78; yellow=(241, 199, 52); brightness=1.09; contrast=1.07; offset=(18,19)",c567d0ff82747f87ac5e2e7f55471363b3cba0017bf22b63767437ab9c6650fb,Project-owned generated warning-sign candidate; not real camera coverage.
stage_c_sprint_06_warning_symbols,S06-132_steep_descent,steep_descent,warning_symbol,data/generated/stage_c_sprint_06_warning_symbols/steep_descent/S06-132_steep_descent.jpg,generated_candidate,pending_stage_d_visual_qc,"symbol=steep_descent; size=188; angle=-3.59; yellow=(240, 174, 62); brightness=1.03; contrast=1.10; offset=(10,3)",0f2206a75110e43af613523b7e3b73f7f5813105df0aa9ba639be0e3aad2c482,Project-owned generated warning-sign candidate; not real camera coverage.
stage_c_sprint_06_warning_symbols,S06-133_steep_descent,steep_descent,warning_symbol,data/generated/stage_c_sprint_06_warning_symbols/steep_descent/S06-133_steep_descent.jpg,generated_candidate,pending_stage_d_visual_qc,"symbol=steep_descent; size=167; angle=3.08; yellow=(235, 191, 33); brightness=0.90; contrast=1.09; offset=(29,28)",5040a4e3009d673e4126fd08b8feee91871383d509f5314c34e7f667f220feb2,Project-owned generated warning-sign candidate; not real camera coverage.
stage_c_sprint_06_warning_symbols,S06-134_steep_descent,steep_descent,warning_symbol,data/generated/stage_c_sprint_06_warning_symbols/steep_descent/S06-134_steep_descent.jpg,generated_candidate,pending_stage_d_visual_qc,"symbol=steep_descent; size=183; angle=0.32; yellow=(227, 186, 32); brightness=1.07; contrast=1.01; offset=(28,12)",446d5ac937a97aba09612388c8aae867d06234be8d3469ecd5396f62d40ad90b,Project-owned generated warning-sign candidate; not real camera coverage.
stage_c_sprint_06_warning_symbols,S06-135_steep_descent,steep_descent,warning_symbol,data/generated/stage_c_sprint_06_warning_symbols/steep_descent/S06-135_steep_descent.jpg,generated_candidate,pending_stage_d_visual_qc,"symbol=steep_descent; size=197; angle=5.13; yellow=(237, 194, 24); brightness=0.96; contrast=0.95; offset=(-2,4)",3a99a23936c509d03af71d3cc7feb4ba2038ff97360c5212f7f80c7b0aea3a03,Project-owned generated warning-sign candidate; not real camera coverage.
stage_c_sprint_06_warning_symbols,S06-136_steep_descent,steep_descent,warning_symbol,data/generated/stage_c_sprint_06_warning_symbols/steep_descent/S06-136_steep_descent.jpg,generated_candidate,pending_stage_d_visual_qc,"symbol=steep_descent; size=164; angle=-2.66; yellow=(248, 204, 41); brightness=0.89; contrast=0.99; offset=(32,20)",a800aa23bd77deea617b5249279f7f576aa5b7333586a49791280d2aa0f27301,Project-owned generated warning-sign candidate; not real camera coverage.
stage_c_sprint_06_warning_symbols,S06-137_steep_descent,steep_descent,warning_symbol,data/generated/stage_c_sprint_06_warning_symbols/steep_descent/S06-137_steep_descent.jpg,generated_candidate,pending_stage_d_visual_qc,"symbol=steep_descent; size=161; angle=-1.22; yellow=(234, 198, 31); brightness=1.05; contrast=1.09; offset=(20,29)",64712634edf0dbb49b3d51a2c6a1a1a0d584cd3e4bdf633be6319e5fe2dd2642,Project-owned generated warning-sign candidate; not real camera coverage.
stage_c_sprint_06_warning_symbols,S06-138_steep_descent,steep_descent,warning_symbol,data/generated/stage_c_sprint_06_warning_symbols/steep_descent/S06-138_steep_descent.jpg,generated_candidate,pending_stage_d_visual_qc,"symbol=steep_descent; size=170; angle=-5.57; yellow=(243, 211, 25); brightness=0.96; contrast=0.88; offset=(14,12)",cd64ddc1eab5625ff604da0f326a9184101a2aa9ab3efd99c58179f8bee68c6e,Project-owned generated warning-sign candidate; not real camera coverage.
stage_c_sprint_06_warning_symbols,S06-139_steep_descent,steep_descent,warning_symbol,data/generated/stage_c_sprint_06_warning_symbols/steep_descent/S06-139_steep_descent.jpg,generated_candidate,pending_stage_d_visual_qc,"symbol=steep_descent; size=172; angle=2.62; yellow=(236, 186, 33); brightness=1.05; contrast=0.88; offset=(18,20)",e3c1a83a5f9b001306ea33166cf5ca7bc77073a1610e0a1ff1d7960f42a0e1fc,Project-owned generated warning-sign candidate; not real camera coverage.
stage_c_sprint_06_warning_symbols,S06-140_steep_descent,steep_descent,warning_symbol,data/generated/stage_c_sprint_06_warning_symbols/steep_descent/S06-140_steep_descent.jpg,generated_candidate,pending_stage_d_visual_qc,"symbol=steep_descent; size=162; angle=4.94; yellow=(239, 182, 37); brightness=1.06; contrast=0.91; offset=(30,23)",6e4926ed2e4f35911fa6c254fb312cea6ef4d8bc8a23b12a2cdc5bcc1add8c19,Project-owned generated warning-sign candidate; not real camera coverage.
stage_c_sprint_06_warning_symbols,S06-141_steep_descent,steep_descent,warning_symbol,data/generated/stage_c_sprint_06_warning_symbols/steep_descent/S06-141_steep_descent.jpg,generated_candidate,pending_stage_d_visual_qc,"symbol=steep_descent; size=196; angle=-6.90; yellow=(230, 211, 51); brightness=0.93; contrast=1.03; offset=(8,5)",bdafed679f01de2e6e4f03626b76159ab0705c3d07d8dcb9ce7a4e7cacd0f36f,Project-owned generated warning-sign candidate; not real camera coverage.
stage_c_sprint_06_warning_symbols,S06-142_steep_descent,steep_descent,warning_symbol,data/generated/stage_c_sprint_06_warning_symbols/steep_descent/S06-142_steep_descent.jpg,generated_candidate,pending_stage_d_visual_qc,"symbol=steep_descent; size=170; angle=-1.04; yellow=(248, 181, 42); brightness=1.04; contrast=1.00; offset=(29,31)",a137df5571f5bd1d214374f968b8646ed0e4b48a4a138b34e1ce3f3dfecb599d,Project-owned generated warning-sign candidate; not real camera coverage.
stage_c_sprint_06_warning_symbols,S06-143_steep_descent,steep_descent,warning_symbol,data/generated/stage_c_sprint_06_warning_symbols/steep_descent/S06-143_steep_descent.jpg,generated_candidate,pending_stage_d_visual_qc,"symbol=steep_descent; size=159; angle=0.91; yellow=(243, 179, 26); brightness=1.05; contrast=0.97; offset=(30,22)",d74f264c335c70dc661129aad3f1b5598460f0bcd8b02e395ac7f573e6401506,Project-owned generated warning-sign candidate; not real camera coverage.
stage_c_sprint_06_warning_symbols,S06-144_steep_descent,steep_descent,warning_symbol,data/generated/stage_c_sprint_06_warning_symbols/steep_descent/S06-144_steep_descent.jpg,generated_candidate,pending_stage_d_visual_qc,"symbol=steep_descent; size=185; angle=1.10; yellow=(233, 194, 51); brightness=1.08; contrast=0.99; offset=(13,10)",1603b849087195ad26a289624363d219b33d5e09bc9d2273b71dd62d9a8af5be,Project-owned generated warning-sign candidate; not real camera coverage.
stage_c_sprint_06_warning_symbols,S06-145_steep_descent,steep_descent,warning_symbol,data/generated/stage_c_sprint_06_warning_symbols/steep_descent/S06-145_steep_descent.jpg,generated_candidate,pending_stage_d_visual_qc,"symbol=steep_descent; size=159; angle=-0.90; yellow=(225, 184, 32); brightness=1.02; contrast=1.10; offset=(38,30)",2141c9e94b63e34a4a7341c16f94a6f3c67c4a545a5060aa28d71ce4aed5689f,Project-owned generated warning-sign candidate; not real camera coverage.
stage_c_sprint_06_warning_symbols,S06-146_steep_descent,steep_descent,warning_symbol,data/generated/stage_c_sprint_06_warning_symbols/steep_descent/S06-146_steep_descent.jpg,generated_candidate,pending_stage_d_visual_qc,"symbol=steep_descent; size=198; angle=-4.58; yellow=(232, 180, 40); brightness=0.91; contrast=0.98; offset=(14,14)",640e8cb0bdf2050aa053107d5e3bd22554db1ce5b667a246f381730d018eda6c,Project-owned generated warning-sign candidate; not real camera coverage.
stage_c_sprint_06_warning_symbols,S06-147_steep_descent,steep_descent,warning_symbol,data/generated/stage_c_sprint_06_warning_symbols/steep_descent/S06-147_steep_descent.jpg,generated_candidate,pending_stage_d_visual_qc,"symbol=steep_descent; size=174; angle=-2.43; yellow=(252, 180, 47); brightness=0.98; contrast=1.05; offset=(24,27)",fba9d5f32b03e19d6795f59505d041b54051f9f4d295d2328dd49d4a757f3a59,Project-owned generated warning-sign candidate; not real camera coverage.
stage_c_sprint_06_warning_symbols,S06-148_steep_descent,steep_descent,warning_symbol,data/generated/stage_c_sprint_06_warning_symbols/steep_descent/S06-148_steep_descent.jpg,generated_candidate,pending_stage_d_visual_qc,"symbol=steep_descent; size=175; angle=-0.77; yellow=(247, 176, 47); brightness=0.97; contrast=1.05; offset=(30,28)",20107dbd9c4703f4e8ea9cc84f8c8152c6c4dc3dd9ee68b4b2580da963c9ebce,Project-owned generated warning-sign candidate; not real camera coverage.
stage_c_sprint_06_warning_symbols,S06-149_steep_descent,steep_descent,warning_symbol,data/generated/stage_c_sprint_06_warning_symbols/steep_descent/S06-149_steep_descent.jpg,generated_candidate,pending_stage_d_visual_qc,"symbol=steep_descent; size=157; angle=-5.68; yellow=(225, 191, 49); brightness=1.09; contrast=0.96; offset=(22,16)",0acb32264cb98ed2c621613d27e470b56188c38a49c581101a80adefd4f92e1a,Project-owned generated warning-sign candidate; not real camera coverage.
stage_c_sprint_06_warning_symbols,S06-150_steep_descent,steep_descent,warning_symbol,data/generated/stage_c_sprint_06_warning_symbols/steep_descent/S06-150_steep_descent.jpg,generated_candidate,pending_stage_d_visual_qc,"symbol=steep_descent; size=161; angle=-0.44; yellow=(229, 210, 27); brightness=0.93; contrast=0.94; offset=(21,37)",2fe48a1391a46661a27485aad097f135606744618930ca349bc3ddfb8f818bd5,Project-owned generated warning-sign candidate; not real camera coverage.
stage_c_sprint_06_warning_symbols,S06-151_uneven_road,uneven_road,warning_symbol,data/generated/stage_c_sprint_06_warning_symbols/uneven_road/S06-151_uneven_road.jpg,generated_candidate,pending_stage_d_visual_qc,"symbol=uneven_road; size=180; angle=3.35; yellow=(238, 198, 53); brightness=1.11; contrast=1.14; offset=(8,24)",d14d2aaccab6ac7b88e60fc9a47ac049608c96efd5b2f9c37be22b40ad9d4d97,Project-owned generated warning-sign candidate; not real camera coverage.
stage_c_sprint_06_warning_symbols,S06-152_uneven_road,uneven_road,warning_symbol,data/generated/stage_c_sprint_06_warning_symbols/uneven_road/S06-152_uneven_road.jpg,generated_candidate,pending_stage_d_visual_qc,"symbol=uneven_road; size=189; angle=-5.38; yellow=(250, 208, 34); brightness=0.96; contrast=1.09; offset=(9,17)",50dbe8f0c3ac8f4c4f2173295322396f1c87ba522b09c4bdb5ea7a42aa51d2f1,Project-owned generated warning-sign candidate; not real camera coverage.
stage_c_sprint_06_warning_symbols,S06-153_uneven_road,uneven_road,warning_symbol,data/generated/stage_c_sprint_06_warning_symbols/uneven_road/S06-153_uneven_road.jpg,generated_candidate,pending_stage_d_visual_qc,"symbol=uneven_road; size=160; angle=-5.03; yellow=(224, 197, 26); brightness=0.95; contrast=0.94; offset=(18,29)",ca9a5d494cab292f0ab2617b9f9608f7bef798ac897fe17ecba4045870c58021,Project-owned generated warning-sign candidate; not real camera coverage.
stage_c_sprint_06_warning_symbols,S06-154_uneven_road,uneven_road,warning_symbol,data/generated/stage_c_sprint_06_warning_symbols/uneven_road/S06-154_uneven_road.jpg,generated_candidate,pending_stage_d_visual_qc,"symbol=uneven_road; size=175; angle=-1.26; yellow=(231, 213, 52); brightness=1.05; contrast=1.14; offset=(25,25)",4d894455c6e812e382b1bdf1c3f5091dc6bcf9d426af023b5a89ef1604e3d1e3,Project-owned generated warning-sign candidate; not real camera coverage.
stage_c_sprint_06_warning_symbols,S06-155_uneven_road,uneven_road,warning_symbol,data/generated/stage_c_sprint_06_warning_symbols/uneven_road/S06-155_uneven_road.jpg,generated_candidate,pending_stage_d_visual_qc,"symbol=uneven_road; size=193; angle=1.79; yellow=(245, 179, 57); brightness=1.01; contrast=1.09; offset=(3,9)",93ac175d7945f6f2eaac0e90ea934ed9803783c02eee5d1b2121d2ee67f946a5,Project-owned generated warning-sign candidate; not real camera coverage.
stage_c_sprint_06_warning_symbols,S06-156_uneven_road,uneven_road,warning_symbol,data/generated/stage_c_sprint_06_warning_symbols/uneven_road/S06-156_uneven_road.jpg,generated_candidate,pending_stage_d_visual_qc,"symbol=uneven_road; size=173; angle=1.88; yellow=(243, 191, 44); brightness=0.92; contrast=0.88; offset=(13,24)",f4b72b135d37abc6f3ae23286d8b8a6ca2c9aee01d21746c33d06a727c522fef,Project-owned generated warning-sign candidate; not real camera coverage.
stage_c_sprint_06_warning_symbols,S06-157_uneven_road,uneven_road,warning_symbol,data/generated/stage_c_sprint_06_warning_symbols/uneven_road/S06-157_uneven_road.jpg,generated_candidate,pending_stage_d_visual_qc,"symbol=uneven_road; size=159; angle=0.52; yellow=(227, 189, 53); brightness=0.88; contrast=1.12; offset=(29,28)",29e60255345a1175801b3372166ccde82c584ed37cbae73efabda7a40608715d,Project-owned generated warning-sign candidate; not real camera coverage.
stage_c_sprint_06_warning_symbols,S06-158_uneven_road,uneven_road,warning_symbol,data/generated/stage_c_sprint_06_warning_symbols/uneven_road/S06-158_uneven_road.jpg,generated_candidate,pending_stage_d_visual_qc,"symbol=uneven_road; size=197; angle=0.14; yellow=(237, 205, 46); brightness=0.93; contrast=1.02; offset=(7,13)",599430bc38f4309d94b86e4d4cd75426b452823755342afb131ad2d6248c32bc,Project-owned generated warning-sign candidate; not real camera coverage.
stage_c_sprint_06_warning_symbols,S06-159_uneven_road,uneven_road,warning_symbol,data/generated/stage_c_sprint_06_warning_symbols/uneven_road/S06-159_uneven_road.jpg,generated_candidate,pending_stage_d_visual_qc,"symbol=uneven_road; size=162; angle=1.27; yellow=(229, 215, 51); brightness=1.04; contrast=0.94; offset=(24,31)",ca235f3d2adf2881fdce06dad684531ba671a57416d170df81e4666950891434,Project-owned generated warning-sign candidate; not real camera coverage.
stage_c_sprint_06_warning_symbols,S06-160_uneven_road,uneven_road,warning_symbol,data/generated/stage_c_sprint_06_warning_symbols/uneven_road/S06-160_uneven_road.jpg,generated_candidate,pending_stage_d_visual_qc,"symbol=uneven_road; size=174; angle=-0.05; yellow=(228, 218, 24); brightness=0.91; contrast=0.97; offset=(27,24)",66a7dfae6bec2909d29d90d16d022ead24c4b3e2ab0c7bf2e7e8e4c4d3b58bcf,Project-owned generated warning-sign candidate; not real camera coverage.
stage_c_sprint_06_warning_symbols,S06-161_uneven_road,uneven_road,warning_symbol,data/generated/stage_c_sprint_06_warning_symbols/uneven_road/S06-161_uneven_road.jpg,generated_candidate,pending_stage_d_visual_qc,"symbol=uneven_road; size=158; angle=0.18; yellow=(246, 214, 45); brightness=1.06; contrast=0.99; offset=(26,28)",88adbc2068d6fd8e212f6bc16ce322d99336e42427612313da630d4a7ee4a991,Project-owned generated warning-sign candidate; not real camera coverage.
stage_c_sprint_06_warning_symbols,S06-162_uneven_road,uneven_road,warning_symbol,data/generated/stage_c_sprint_06_warning_symbols/uneven_road/S06-162_uneven_road.jpg,generated_candidate,pending_stage_d_visual_qc,"symbol=uneven_road; size=170; angle=6.12; yellow=(226, 204, 25); brightness=1.05; contrast=1.12; offset=(14,14)",ceb0dff9a330f027cd6ce7495dc5ec38ff903eb307e48f3bc7fbc67501e096b4,Project-owned generated warning-sign candidate; not real camera coverage.
stage_c_sprint_06_warning_symbols,S06-163_uneven_road,uneven_road,warning_symbol,data/generated/stage_c_sprint_06_warning_symbols/uneven_road/S06-163_uneven_road.jpg,generated_candidate,pending_stage_d_visual_qc,"symbol=uneven_road; size=158; angle=-2.22; yellow=(242, 213, 44); brightness=1.09; contrast=1.11; offset=(36,21)",66da17706ee4b9e457f670cc48e58e1c323483cf965a1a76430c5a595d7ff699,Project-owned generated warning-sign candidate; not real camera coverage.
stage_c_sprint_06_warning_symbols,S06-164_uneven_road,uneven_road,warning_symbol,data/generated/stage_c_sprint_06_warning_symbols/uneven_road/S06-164_uneven_road.jpg,generated_candidate,pending_stage_d_visual_qc,"symbol=uneven_road; size=200; angle=-6.98; yellow=(250, 192, 26); brightness=0.98; contrast=1.11; offset=(2,3)",55e6eeb78e21be992cb504ac6cf4f2bb70829e73aaf435b981f2010126bbb201,Project-owned generated warning-sign candidate; not real camera coverage.
stage_c_sprint_06_warning_symbols,S06-165_uneven_road,uneven_road,warning_symbol,data/generated/stage_c_sprint_06_warning_symbols/uneven_road/S06-165_uneven_road.jpg,generated_candidate,pending_stage_d_visual_qc,"symbol=uneven_road; size=156; angle=-4.96; yellow=(230, 218, 26); brightness=1.12; contrast=1.01; offset=(31,21)",5f82d30d59be0dee952a2f0625b4d0d32cddcfd6f039af0bfa4d7abac317664b,Project-owned generated warning-sign candidate; not real camera coverage.
stage_c_sprint_06_warning_symbols,S06-166_uneven_road,uneven_road,warning_symbol,data/generated/stage_c_sprint_06_warning_symbols/uneven_road/S06-166_uneven_road.jpg,generated_candidate,pending_stage_d_visual_qc,"symbol=uneven_road; size=172; angle=6.41; yellow=(245, 198, 51); brightness=0.98; contrast=0.96; offset=(13,17)",c04b829a4d648ec139b9be90a8c4ad024ebb9811b5cb69cfe9cd1bff194aec0d,Project-owned generated warning-sign candidate; not real camera coverage.
stage_c_sprint_06_warning_symbols,S06-167_uneven_road,uneven_road,warning_symbol,data/generated/stage_c_sprint_06_warning_symbols/uneven_road/S06-167_uneven_road.jpg,generated_candidate,pending_stage_d_visual_qc,"symbol=uneven_road; size=173; angle=-0.26; yellow=(246, 185, 29); brightness=0.95; contrast=1.03; offset=(20,23)",36f4df86b8c6ba1eb7cf9af366380b85d60eef9a59a1bf724f91854a43a62317,Project-owned generated warning-sign candidate; not real camera coverage.
stage_c_sprint_06_warning_symbols,S06-168_uneven_road,uneven_road,warning_symbol,data/generated/stage_c_sprint_06_warning_symbols/uneven_road/S06-168_uneven_road.jpg,generated_candidate,pending_stage_d_visual_qc,"symbol=uneven_road; size=182; angle=4.73; yellow=(243, 177, 47); brightness=1.06; contrast=1.12; offset=(17,19)",928429301dd3004d47da740e5cf8911a39fe7dd13229a53e1ce2ab1373db5941,Project-owned generated warning-sign candidate; not real camera coverage.
stage_c_sprint_06_warning_symbols,S06-169_uneven_road,uneven_road,warning_symbol,data/generated/stage_c_sprint_06_warning_symbols/uneven_road/S06-169_uneven_road.jpg,generated_candidate,pending_stage_d_visual_qc,"symbol=uneven_road; size=175; angle=-3.10; yellow=(230, 206, 36); brightness=1.04; contrast=1.04; offset=(13,22)",d9ef31258cf3eae2ba6307af1bd8c273b9c7c4e636117fa5ef467bb104b94a94,Project-owned generated warning-sign candidate; not real camera coverage.
stage_c_sprint_06_warning_symbols,S06-170_uneven_road,uneven_road,warning_symbol,data/generated/stage_c_sprint_06_warning_symbols/uneven_road/S06-170_uneven_road.jpg,generated_candidate,pending_stage_d_visual_qc,"symbol=uneven_road; size=158; angle=3.70; yellow=(224, 200, 38); brightness=0.93; contrast=1.10; offset=(28,35)",00bc73c8b75923f563484944d5b004b7649809d5f03e1912b9d8f5312eb464c1,Project-owned generated warning-sign candidate; not real camera coverage.
stage_c_sprint_06_warning_symbols,S06-171_uneven_road,uneven_road,warning_symbol,data/generated/stage_c_sprint_06_warning_symbols/uneven_road/S06-171_uneven_road.jpg,generated_candidate,pending_stage_d_visual_qc,"symbol=uneven_road; size=170; angle=1.94; yellow=(234, 196, 31); brightness=1.00; contrast=1.06; offset=(15,24)",4643b7c7bf6dcc0782ec5cdd853810821f08721873b634685b8a2e71c5f9fbce,Project-owned generated warning-sign candidate; not real camera coverage.
stage_c_sprint_06_warning_symbols,S06-172_uneven_road,uneven_road,warning_symbol,data/generated/stage_c_sprint_06_warning_symbols/uneven_road/S06-172_uneven_road.jpg,generated_candidate,pending_stage_d_visual_qc,"symbol=uneven_road; size=195; angle=-2.64; yellow=(243, 198, 35); brightness=0.99; contrast=0.91; offset=(15,17)",383e6db870b3a5d112c13bb213a0d348f939d426906c46e27467eaccea4ebf05,Project-owned generated warning-sign candidate; not real camera coverage.
stage_c_sprint_06_warning_symbols,S06-173_uneven_road,uneven_road,warning_symbol,data/generated/stage_c_sprint_06_warning_symbols/uneven_road/S06-173_uneven_road.jpg,generated_candidate,pending_stage_d_visual_qc,"symbol=uneven_road; size=195; angle=3.93; yellow=(235, 207, 59); brightness=1.11; contrast=0.95; offset=(-1,14)",300f0a0887fd0dafcb14df92b240c27a05d1b3e187535f35f44d567cfb7ed82e,Project-owned generated warning-sign candidate; not real camera coverage.
stage_c_sprint_06_warning_symbols,S06-174_uneven_road,uneven_road,warning_symbol,data/generated/stage_c_sprint_06_warning_symbols/uneven_road/S06-174_uneven_road.jpg,generated_candidate,pending_stage_d_visual_qc,"symbol=uneven_road; size=177; angle=2.86; yellow=(240, 188, 55); brightness=0.97; contrast=0.91; offset=(14,21)",46b816265bdf6477be39a337d92c3a8751cf5e232586be90f25ccad5c0aae9de,Project-owned generated warning-sign candidate; not real camera coverage.
stage_c_sprint_06_warning_symbols,S06-175_uneven_road,uneven_road,warning_symbol,data/generated/stage_c_sprint_06_warning_symbols/uneven_road/S06-175_uneven_road.jpg,generated_candidate,pending_stage_d_visual_qc,"symbol=uneven_road; size=189; angle=2.64; yellow=(251, 194, 54); brightness=1.11; contrast=0.99; offset=(17,6)",a1a6ee78b6ab0d3bb50022b2229e6634171cf47ea6a177f2a9194b93069b3ba5,Project-owned generated warning-sign candidate; not real camera coverage.
stage_c_sprint_06_warning_symbols,S06-176_uneven_road,uneven_road,warning_symbol,data/generated/stage_c_sprint_06_warning_symbols/uneven_road/S06-176_uneven_road.jpg,generated_candidate,pending_stage_d_visual_qc,"symbol=uneven_road; size=202; angle=-3.91; yellow=(247, 177, 61); brightness=0.91; contrast=1.00; offset=(0,6)",ede9be462d08d6a9a9adc665b2ed29a88b2919e50065a86c22a5a7f3b9693f32,Project-owned generated warning-sign candidate; not real camera coverage.
stage_c_sprint_06_warning_symbols,S06-177_uneven_road,uneven_road,warning_symbol,data/generated/stage_c_sprint_06_warning_symbols/uneven_road/S06-177_uneven_road.jpg,generated_candidate,pending_stage_d_visual_qc,"symbol=uneven_road; size=196; angle=0.39; yellow=(233, 186, 56); brightness=1.02; contrast=0.95; offset=(16,18)",342dc3ed38cf96182b1ab6382ed3bf955ac75e1b6e4f761ce2041fa6311fb363,Project-owned generated warning-sign candidate; not real camera coverage.
stage_c_sprint_06_warning_symbols,S06-178_uneven_road,uneven_road,warning_symbol,data/generated/stage_c_sprint_06_warning_symbols/uneven_road/S06-178_uneven_road.jpg,generated_candidate,pending_stage_d_visual_qc,"symbol=uneven_road; size=161; angle=-6.00; yellow=(235, 211, 35); brightness=1.06; contrast=1.09; offset=(17,31)",6f40d9183e17d205870d4ae6b772083fb336327138648721b68f32590be2067e,Project-owned generated warning-sign candidate; not real camera coverage.
stage_c_sprint_06_warning_symbols,S06-179_uneven_road,uneven_road,warning_symbol,data/generated/stage_c_sprint_06_warning_symbols/uneven_road/S06-179_uneven_road.jpg,generated_candidate,pending_stage_d_visual_qc,"symbol=uneven_road; size=157; angle=6.17; yellow=(239, 188, 55); brightness=0.99; contrast=1.12; offset=(17,23)",469b312b5044e228883b6602f3a3bc927c3a9de49697fa5e75c9acc9885d8a38,Project-owned generated warning-sign candidate; not real camera coverage.
stage_c_sprint_06_warning_symbols,S06-180_uneven_road,uneven_road,warning_symbol,data/generated/stage_c_sprint_06_warning_symbols/uneven_road/S06-180_uneven_road.jpg,generated_candidate,pending_stage_d_visual_qc,"symbol=uneven_road; size=172; angle=-0.66; yellow=(241, 201, 40); brightness=1.05; contrast=0.93; offset=(29,24)",2b27e0d5b6874ec923035fc4e5263d242ea0bb60ca6b1f09514cea112b555066,Project-owned generated warning-sign candidate; not real camera coverage.
stage_c_sprint_06_warning_symbols,S06-181_uneven_road,uneven_road,warning_symbol,data/generated/stage_c_sprint_06_warning_symbols/uneven_road/S06-181_uneven_road.jpg,generated_candidate,pending_stage_d_visual_qc,"symbol=uneven_road; size=201; angle=-1.17; yellow=(223, 187, 24); brightness=0.99; contrast=0.97; offset=(9,11)",feb521c132c00382dd7c07d15c73cca936ceaf295dea86694e55d841aa9c13c4,Project-owned generated warning-sign candidate; not real camera coverage.
stage_c_sprint_06_warning_symbols,S06-182_uneven_road,uneven_road,warning_symbol,data/generated/stage_c_sprint_06_warning_symbols/uneven_road/S06-182_uneven_road.jpg,generated_candidate,pending_stage_d_visual_qc,"symbol=uneven_road; size=185; angle=6.75; yellow=(249, 215, 32); brightness=1.11; contrast=0.94; offset=(11,15)",139cf92dd31ddc466fb42c050a3b608106c48e868db56f2840004b1653fce9bd,Project-owned generated warning-sign candidate; not real camera coverage.
stage_c_sprint_06_warning_symbols,S06-183_uneven_road,uneven_road,warning_symbol,data/generated/stage_c_sprint_06_warning_symbols/uneven_road/S06-183_uneven_road.jpg,generated_candidate,pending_stage_d_visual_qc,"symbol=uneven_road; size=159; angle=-3.19; yellow=(240, 204, 59); brightness=1.05; contrast=0.91; offset=(32,19)",273074c91efc7af1eece918030d609fb93c6d1b72f0f2ef6a19ac941c904ca38,Project-owned generated warning-sign candidate; not real camera coverage.
stage_c_sprint_06_warning_symbols,S06-184_uneven_road,uneven_road,warning_symbol,data/generated/stage_c_sprint_06_warning_symbols/uneven_road/S06-184_uneven_road.jpg,generated_candidate,pending_stage_d_visual_qc,"symbol=uneven_road; size=194; angle=-6.99; yellow=(233, 214, 62); brightness=0.97; contrast=1.04; offset=(-3,-4)",591196cffc6d64023d8dc0ad322204c21876b6bc56099a98b6e4bafd93cebbd1,Project-owned generated warning-sign candidate; not real camera coverage.
stage_c_sprint_06_warning_symbols,S06-185_uneven_road,uneven_road,warning_symbol,data/generated/stage_c_sprint_06_warning_symbols/uneven_road/S06-185_uneven_road.jpg,generated_candidate,pending_stage_d_visual_qc,"symbol=uneven_road; size=177; angle=3.78; yellow=(228, 183, 45); brightness=1.06; contrast=0.94; offset=(16,19)",99c6ecf121114299111dbf8e8b312c8120a34aa90a8ec94154ced39b0ce87b85,Project-owned generated warning-sign candidate; not real camera coverage.
stage_c_sprint_06_warning_symbols,S06-186_uneven_road,uneven_road,warning_symbol,data/generated/stage_c_sprint_06_warning_symbols/uneven_road/S06-186_uneven_road.jpg,generated_candidate,pending_stage_d_visual_qc,"symbol=uneven_road; size=176; angle=-3.67; yellow=(224, 175, 43); brightness=1.09; contrast=1.08; offset=(10,17)",fd89c37f068ff9bc708ce89863f12f5a41733bf8060eefe67cd90af77792cd55,Project-owned generated warning-sign candidate; not real camera coverage.
stage_c_sprint_06_warning_symbols,S06-187_uneven_road,uneven_road,warning_symbol,data/generated/stage_c_sprint_06_warning_symbols/uneven_road/S06-187_uneven_road.jpg,generated_candidate,pending_stage_d_visual_qc,"symbol=uneven_road; size=185; angle=-0.85; yellow=(236, 178, 51); brightness=0.97; contrast=1.02; offset=(10,18)",5aa77240e0f3b5e8cd7dc740d9721c5cfa8d853e9c3c497f42b5126f9f46eb90,Project-owned generated warning-sign candidate; not real camera coverage.
stage_c_sprint_06_warning_symbols,S06-188_uneven_road,uneven_road,warning_symbol,data/generated/stage_c_sprint_06_warning_symbols/uneven_road/S06-188_uneven_road.jpg,generated_candidate,pending_stage_d_visual_qc,"symbol=uneven_road; size=203; angle=0.24; yellow=(237, 198, 27); brightness=1.01; contrast=0.92; offset=(4,11)",16b8e3befe010849ab1d3b7cf2ab3d58ec37364ef0e8c625a440fb80fb487e41,Project-owned generated warning-sign candidate; not real camera coverage.
stage_c_sprint_06_warning_symbols,S06-189_uneven_road,uneven_road,warning_symbol,data/generated/stage_c_sprint_06_warning_symbols/uneven_road/S06-189_uneven_road.jpg,generated_candidate,pending_stage_d_visual_qc,"symbol=uneven_road; size=195; angle=0.06; yellow=(233, 197, 46); brightness=1.01; contrast=1.06; offset=(20,6)",901ddd36af2a0ed60e1966ef03edbe0c7f315833999e687c1b906fee9222af81,Project-owned generated warning-sign candidate; not real camera coverage.
stage_c_sprint_06_warning_symbols,S06-190_uneven_road,uneven_road,warning_symbol,data/generated/stage_c_sprint_06_warning_symbols/uneven_road/S06-190_uneven_road.jpg,generated_candidate,pending_stage_d_visual_qc,"symbol=uneven_road; size=177; angle=1.15; yellow=(244, 200, 50); brightness=0.93; contrast=0.92; offset=(21,27)",bbc65dbbb033c27cb9c36f2b8f3699f2ab15ca7027d25f414131e40ece9cd2d2,Project-owned generated warning-sign candidate; not real camera coverage.
stage_c_sprint_06_warning_symbols,S06-191_uneven_road,uneven_road,warning_symbol,data/generated/stage_c_sprint_06_warning_symbols/uneven_road/S06-191_uneven_road.jpg,generated_candidate,pending_stage_d_visual_qc,"symbol=uneven_road; size=169; angle=2.04; yellow=(230, 187, 60); brightness=0.95; contrast=1.13; offset=(27,26)",5858739d194ebf7fd435cda5bc28eb90a7f10c29fd4f621e854a9944861e2653,Project-owned generated warning-sign candidate; not real camera coverage.
stage_c_sprint_06_warning_symbols,S06-192_uneven_road,uneven_road,warning_symbol,data/generated/stage_c_sprint_06_warning_symbols/uneven_road/S06-192_uneven_road.jpg,generated_candidate,pending_stage_d_visual_qc,"symbol=uneven_road; size=174; angle=4.42; yellow=(244, 196, 35); brightness=1.06; contrast=0.98; offset=(12,14)",16d5d46c83bed008646f2c88bd417284ec35b4b93e3265af94d7ad522512daf5,Project-owned generated warning-sign candidate; not real camera coverage.
stage_c_sprint_06_warning_symbols,S06-193_uneven_road,uneven_road,warning_symbol,data/generated/stage_c_sprint_06_warning_symbols/uneven_road/S06-193_uneven_road.jpg,generated_candidate,pending_stage_d_visual_qc,"symbol=uneven_road; size=193; angle=-6.10; yellow=(243, 188, 32); brightness=0.91; contrast=1.08; offset=(6,4)",de83898533e6a1b1c83b7335b8308f82b352c42e98a8b864e905e04df06d739f,Project-owned generated warning-sign candidate; not real camera coverage.
stage_c_sprint_06_warning_symbols,S06-194_uneven_road,uneven_road,warning_symbol,data/generated/stage_c_sprint_06_warning_symbols/uneven_road/S06-194_uneven_road.jpg,generated_candidate,pending_stage_d_visual_qc,"symbol=uneven_road; size=195; angle=-4.77; yellow=(226, 174, 49); brightness=0.92; contrast=1.13; offset=(4,-3)",88991143e79c1e311c65a7dca3ff5dc0d74dbdb48ed6532762a5ed388ce1ace6,Project-owned generated warning-sign candidate; not real camera coverage.
stage_c_sprint_06_warning_symbols,S06-195_uneven_road,uneven_road,warning_symbol,data/generated/stage_c_sprint_06_warning_symbols/uneven_road/S06-195_uneven_road.jpg,generated_candidate,pending_stage_d_visual_qc,"symbol=uneven_road; size=176; angle=-0.80; yellow=(243, 175, 50); brightness=0.98; contrast=0.88; offset=(25,29)",0ad80617e7ab14686c3ff5c7d1df9d933b6a4215661fb58792db8344f0d16028,Project-owned generated warning-sign candidate; not real camera coverage.
stage_c_sprint_06_warning_symbols,S06-196_uneven_road,uneven_road,warning_symbol,data/generated/stage_c_sprint_06_warning_symbols/uneven_road/S06-196_uneven_road.jpg,generated_candidate,pending_stage_d_visual_qc,"symbol=uneven_road; size=170; angle=5.68; yellow=(236, 213, 53); brightness=0.94; contrast=0.95; offset=(25,27)",9f3524b83df2df4b0c40e48eb898eb3d8c288dbfeb57d4843ce9f53227f15a7a,Project-owned generated warning-sign candidate; not real camera coverage.
stage_c_sprint_06_warning_symbols,S06-197_uneven_road,uneven_road,warning_symbol,data/generated/stage_c_sprint_06_warning_symbols/uneven_road/S06-197_uneven_road.jpg,generated_candidate,pending_stage_d_visual_qc,"symbol=uneven_road; size=184; angle=-1.32; yellow=(228, 211, 55); brightness=0.98; contrast=1.08; offset=(24,26)",c8ce4fc1bbc612366ad1eb2a1828ed4bbcd34fc870cb436112f7fed827862bfd,Project-owned generated warning-sign candidate; not real camera coverage.
stage_c_sprint_06_warning_symbols,S06-198_uneven_road,uneven_road,warning_symbol,data/generated/stage_c_sprint_06_warning_symbols/uneven_road/S06-198_uneven_road.jpg,generated_candidate,pending_stage_d_visual_qc,"symbol=uneven_road; size=201; angle=-2.08; yellow=(242, 206, 52); brightness=0.98; contrast=0.99; offset=(10,7)",58e7fcbadfe62c0dd5f7adf7c7bda99971fce5103f223a6cffeb908d91e607e6,Project-owned generated warning-sign candidate; not real camera coverage.
stage_c_sprint_06_warning_symbols,S06-199_uneven_road,uneven_road,warning_symbol,data/generated/stage_c_sprint_06_warning_symbols/uneven_road/S06-199_uneven_road.jpg,generated_candidate,pending_stage_d_visual_qc,"symbol=uneven_road; size=170; angle=-0.51; yellow=(227, 176, 33); brightness=1.11; contrast=1.01; offset=(17,19)",a62668ce43a5ac043ce4b74b4092cbe0e059ec8dc3a947e47c88ce3452d406f5,Project-owned generated warning-sign candidate; not real camera coverage.
stage_c_sprint_06_warning_symbols,S06-200_uneven_road,uneven_road,warning_symbol,data/generated/stage_c_sprint_06_warning_symbols/uneven_road/S06-200_uneven_road.jpg,generated_candidate,pending_stage_d_visual_qc,"symbol=uneven_road; size=201; angle=-5.57; yellow=(240, 196, 54); brightness=0.98; contrast=1.12; offset=(6,10)",d6cdb71abcb417f709d0fc4c621299b3a29bb3782e574b7abeeb534b1e578c9b,Project-owned generated warning-sign candidate; not real camera coverage.
