stage_id,candidate_id,semantic_sign_id,display_name,source_dataset,source_repo,source_url,original_dataset_url,legend_url,license_recorded,license_notes,source_split,source_shard,row_index_in_shard,object_index,source_image_path,source_image_sha256,source_class_label,source_class_index,mapping_evidence,image_width,image_height,bbox_xmin,bbox_ymin,bbox_xmax,bbox_ymax,bbox_width,bbox_height,crop_width,crop_height,crop_sha256,local_crop_path,source_modality,quality_gate,review_status,counts_for_candidate_coverage,notes
stage_c_gap_fill_06_roboflow_roadway_diverges,RF06-roadway-diverges-0001,roadway_diverges,Traffic diverges,Malaysia Road Sign Dataset v1 via Roboflow,test-22a9b/test-fwdci/1,https://universe.roboflow.com/test-22a9b/test-fwdci/dataset/1,https://universe.roboflow.com/test-22a9b/test-fwdci/dataset/1,data/raw/roboflow/malaysia_road_sign_dataset_v1/extracted_full/data.yaml,Roboflow dataset metadata: CC BY 4.0.,Use with attribution; review Roboflow project terms before redistribution.,test,data/raw/roboflow/malaysia_road_sign_dataset_v1/extracted_full/test/labels/100_PNG.rf.2e0d7497c0bb41844b991409945bbe25.txt,0,0,data/raw/roboflow/malaysia_road_sign_dataset_v1/extracted_full/test/images/100_PNG.rf.2e0d7497c0bb41844b991409945bbe25.jpg,3074228db4671cfe01b6f8a20a8e4dfc86fe7161959ec274d4dc525647703a63,Roadway diverges,44,Roboflow class name is exactly Roadway diverges and probe sheet visually matches assignment sign_032 split/traffic-diverges warning.,425,386,51.135,19.885,351.245,323.215,300.110,303.330,412,384,b602474d20b301aca3cf9fbd4b2becf257d9928299a6f7d7e3d8b3a8e057943d,data/raw/online_sources/stage_c_gap_fill_06_roboflow_roadway_diverges/crops/roadway_diverges/RF06-roadway-diverges-0001_test_100_PNG.rf.2e0d7497c0bb41844b991409945bbe25_o00.jpg,real_road_photo_crop_from_detection_dataset,accepted_auto_exact_label_with_probe_visual_check,auto_exact_label_pending_stage_d_visual_qc,yes_pending_stage_d_qc,Selected with minimum 120px bbox side and one-per-base-image spread sampling before using augment variants.
stage_c_gap_fill_06_roboflow_roadway_diverges,RF06-roadway-diverges-0002,roadway_diverges,Traffic diverges,Malaysia Road Sign Dataset v1 via Roboflow,test-22a9b/test-fwdci/1,https://universe.roboflow.com/test-22a9b/test-fwdci/dataset/1,https://universe.roboflow.com/test-22a9b/test-fwdci/dataset/1,data/raw/roboflow/malaysia_road_sign_dataset_v1/extracted_full/data.yaml,Roboflow dataset metadata: CC BY 4.0.,Use with attribution; review Roboflow project terms before redistribution.,test,data/raw/roboflow/malaysia_road_sign_dataset_v1/extracted_full/test/labels/168_PNG.rf.a16dcfb735524b6d88b8df84d74572e2.txt,0,0,data/raw/roboflow/malaysia_road_sign_dataset_v1/extracted_full/test/images/168_PNG.rf.a16dcfb735524b6d88b8df84d74572e2.jpg,2d7250760d7a53b9bc58811eefa860a0d5cf8f3ce4d24cb67f970f6f295e526f,Roadway diverges,44,Roboflow class name is exactly Roadway diverges and probe sheet visually matches assignment sign_032 split/traffic-diverges warning.,438,254,90.205,5.000,329.615,244.920,239.410,239.920,336,254,c7533a017d8a527faa570eaf959fa4b34a56215db78c9eb797b62fdfe676951b,data/raw/online_sources/stage_c_gap_fill_06_roboflow_roadway_diverges/crops/roadway_diverges/RF06-roadway-diverges-0002_test_168_PNG.rf.a16dcfb735524b6d88b8df84d74572e2_o00.jpg,real_road_photo_crop_from_detection_dataset,accepted_auto_exact_label_with_probe_visual_check,auto_exact_label_pending_stage_d_visual_qc,yes_pending_stage_d_qc,Selected with minimum 120px bbox side and one-per-base-image spread sampling before using augment variants.
stage_c_gap_fill_06_roboflow_roadway_diverges,RF06-roadway-diverges-0003,roadway_diverges,Traffic diverges,Malaysia Road Sign Dataset v1 via Roboflow,test-22a9b/test-fwdci/1,https://universe.roboflow.com/test-22a9b/test-fwdci/dataset/1,https://universe.roboflow.com/test-22a9b/test-fwdci/dataset/1,data/raw/roboflow/malaysia_road_sign_dataset_v1/extracted_full/data.yaml,Roboflow dataset metadata: CC BY 4.0.,Use with attribution; review Roboflow project terms before redistribution.,test,data/raw/roboflow/malaysia_road_sign_dataset_v1/extracted_full/test/labels/242_PNG.rf.ac82b7b378ea8f54eb0e1b9c25480255.txt,0,0,data/raw/roboflow/malaysia_road_sign_dataset_v1/extracted_full/test/images/242_PNG.rf.ac82b7b378ea8f54eb0e1b9c25480255.jpg,31410289198e54d4a7711af105d8983959ec159387a85205a2ca006b6199aefd,Roadway diverges,44,Roboflow class name is exactly Roadway diverges and probe sheet visually matches assignment sign_032 split/traffic-diverges warning.,348,363,77.985,8.460,317.795,322.600,239.810,314.140,333,363,8531a0dc5ffccbbe04d92fd07e9306a7ea5a181ccc799acde3ea41700449f1b5,data/raw/online_sources/stage_c_gap_fill_06_roboflow_roadway_diverges/crops/roadway_diverges/RF06-roadway-diverges-0003_test_242_PNG.rf.ac82b7b378ea8f54eb0e1b9c25480255_o00.jpg,real_road_photo_crop_from_detection_dataset,accepted_auto_exact_label_with_probe_visual_check,auto_exact_label_pending_stage_d_visual_qc,yes_pending_stage_d_qc,Selected with minimum 120px bbox side and one-per-base-image spread sampling before using augment variants.
stage_c_gap_fill_06_roboflow_roadway_diverges,RF06-roadway-diverges-0004,roadway_diverges,Traffic diverges,Malaysia Road Sign Dataset v1 via Roboflow,test-22a9b/test-fwdci/1,https://universe.roboflow.com/test-22a9b/test-fwdci/dataset/1,https://universe.roboflow.com/test-22a9b/test-fwdci/dataset/1,data/raw/roboflow/malaysia_road_sign_dataset_v1/extracted_full/data.yaml,Roboflow dataset metadata: CC BY 4.0.,Use with attribution; review Roboflow project terms before redistribution.,test,data/raw/roboflow/malaysia_road_sign_dataset_v1/extracted_full/test/labels/314_PNG.rf.bd308ff6c695918b93ce0e153acfd96c.txt,0,0,data/raw/roboflow/malaysia_road_sign_dataset_v1/extracted_full/test/images/314_PNG.rf.bd308ff6c695918b93ce0e153acfd96c.jpg,de1512f27a29730772572784a0b8223554f2ef2809a896bf3b4fb27345a86d9e,Roadway diverges,44,Roboflow class name is exactly Roadway diverges and probe sheet visually matches assignment sign_032 split/traffic-diverges warning.,235,245,28.800,0.005,192.780,183.095,163.980,183.090,229,220,f0fcfd2bee26afd77f2174643f70ec33012b46fa101f769226115bc33019dcc9,data/raw/online_sources/stage_c_gap_fill_06_roboflow_roadway_diverges/crops/roadway_diverges/RF06-roadway-diverges-0004_test_314_PNG.rf.bd308ff6c695918b93ce0e153acfd96c_o00.jpg,real_road_photo_crop_from_detection_dataset,accepted_auto_exact_label_with_probe_visual_check,auto_exact_label_pending_stage_d_visual_qc,yes_pending_stage_d_qc,Selected with minimum 120px bbox side and one-per-base-image spread sampling before using augment variants.
stage_c_gap_fill_06_roboflow_roadway_diverges,RF06-roadway-diverges-0005,roadway_diverges,Traffic diverges,Malaysia Road Sign Dataset v1 via Roboflow,test-22a9b/test-fwdci/1,https://universe.roboflow.com/test-22a9b/test-fwdci/dataset/1,https://universe.roboflow.com/test-22a9b/test-fwdci/dataset/1,data/raw/roboflow/malaysia_road_sign_dataset_v1/extracted_full/data.yaml,Roboflow dataset metadata: CC BY 4.0.,Use with attribution; review Roboflow project terms before redistribution.,test,data/raw/roboflow/malaysia_road_sign_dataset_v1/extracted_full/test/labels/64_PNG.rf.b039f8752e058312e20b76ccd19569cf.txt,0,0,data/raw/roboflow/malaysia_road_sign_dataset_v1/extracted_full/test/images/64_PNG.rf.b039f8752e058312e20b76ccd19569cf.jpg,1feccf5865157bb75338913acb9317ca01bb87d01c949223b2d2f703957c1d80,Roadway diverges,44,Roboflow class name is exactly Roadway diverges and probe sheet visually matches assignment sign_032 split/traffic-diverges warning.,310,262,63.160,0.000,292.660,230.920,229.500,230.920,293,262,8f300d533f0c4e2a416e87b5bfe4c1e76bfbd5efd51fc349fbbe06510a1336b3,data/raw/online_sources/stage_c_gap_fill_06_roboflow_roadway_diverges/crops/roadway_diverges/RF06-roadway-diverges-0005_test_64_PNG.rf.b039f8752e058312e20b76ccd19569cf_o00.jpg,real_road_photo_crop_from_detection_dataset,accepted_auto_exact_label_with_probe_visual_check,auto_exact_label_pending_stage_d_visual_qc,yes_pending_stage_d_qc,Selected with minimum 120px bbox side and one-per-base-image spread sampling before using augment variants.
stage_c_gap_fill_06_roboflow_roadway_diverges,RF06-roadway-diverges-0006,roadway_diverges,Traffic diverges,Malaysia Road Sign Dataset v1 via Roboflow,test-22a9b/test-fwdci/1,https://universe.roboflow.com/test-22a9b/test-fwdci/dataset/1,https://universe.roboflow.com/test-22a9b/test-fwdci/dataset/1,data/raw/roboflow/malaysia_road_sign_dataset_v1/extracted_full/data.yaml,Roboflow dataset metadata: CC BY 4.0.,Use with attribution; review Roboflow project terms before redistribution.,train,data/raw/roboflow/malaysia_road_sign_dataset_v1/extracted_full/train/labels/02_PNG.rf.29fdcbd7f653587e1368823a8c87a2c0.txt,0,0,data/raw/roboflow/malaysia_road_sign_dataset_v1/extracted_full/train/images/02_PNG.rf.29fdcbd7f653587e1368823a8c87a2c0.jpg,ca42c2d0b9b44e194e4a135ef04387217f5a07ee4e4761c5a93fe06082e43302,Roadway diverges,44,Roboflow class name is exactly Roadway diverges and probe sheet visually matches assignment sign_032 split/traffic-diverges warning.,249,241,11.266,0.000,232.000,208.756,220.734,208.756,249,241,fae6d3e07e2258d0b750c7942e7af30d07cf4f31008e4d5911d3dc1d1091eae4,data/raw/online_sources/stage_c_gap_fill_06_roboflow_roadway_diverges/crops/roadway_diverges/RF06-roadway-diverges-0006_train_02_PNG.rf.29fdcbd7f653587e1368823a8c87a2c0_o00.jpg,real_road_photo_crop_from_detection_dataset,accepted_auto_exact_label_with_probe_visual_check,auto_exact_label_pending_stage_d_visual_qc,yes_pending_stage_d_qc,Selected with minimum 120px bbox side and one-per-base-image spread sampling before using augment variants.
stage_c_gap_fill_06_roboflow_roadway_diverges,RF06-roadway-diverges-0007,roadway_diverges,Traffic diverges,Malaysia Road Sign Dataset v1 via Roboflow,test-22a9b/test-fwdci/1,https://universe.roboflow.com/test-22a9b/test-fwdci/dataset/1,https://universe.roboflow.com/test-22a9b/test-fwdci/dataset/1,data/raw/roboflow/malaysia_road_sign_dataset_v1/extracted_full/data.yaml,Roboflow dataset metadata: CC BY 4.0.,Use with attribution; review Roboflow project terms before redistribution.,train,data/raw/roboflow/malaysia_road_sign_dataset_v1/extracted_full/train/labels/107_PNG.rf.01054dd28850eb672e50bd0f436295e9.txt,0,0,data/raw/roboflow/malaysia_road_sign_dataset_v1/extracted_full/train/images/107_PNG.rf.01054dd28850eb672e50bd0f436295e9.jpg,486a2f14ff3acbe9188e5ac9680418baa9e837a0cba51bd8855e80f331e465ce,Roadway diverges,44,Roboflow class name is exactly Roadway diverges and probe sheet visually matches assignment sign_032 split/traffic-diverges warning.,444,441,25.872,0.000,329.093,357.586,303.221,357.586,401,429,feb5222e7841736b8c61621a747168f9ec0c572629dbc551b32532cdccf96ece,data/raw/online_sources/stage_c_gap_fill_06_roboflow_roadway_diverges/crops/roadway_diverges/RF06-roadway-diverges-0007_train_107_PNG.rf.01054dd28850eb672e50bd0f436295e9_o00.jpg,real_road_photo_crop_from_detection_dataset,accepted_auto_exact_label_with_probe_visual_check,auto_exact_label_pending_stage_d_visual_qc,yes_pending_stage_d_qc,Selected with minimum 120px bbox side and one-per-base-image spread sampling before using augment variants.
stage_c_gap_fill_06_roboflow_roadway_diverges,RF06-roadway-diverges-0008,roadway_diverges,Traffic diverges,Malaysia Road Sign Dataset v1 via Roboflow,test-22a9b/test-fwdci/1,https://universe.roboflow.com/test-22a9b/test-fwdci/dataset/1,https://universe.roboflow.com/test-22a9b/test-fwdci/dataset/1,data/raw/roboflow/malaysia_road_sign_dataset_v1/extracted_full/data.yaml,Roboflow dataset metadata: CC BY 4.0.,Use with attribution; review Roboflow project terms before redistribution.,train,data/raw/roboflow/malaysia_road_sign_dataset_v1/extracted_full/train/labels/119_PNG.rf.8a786230e082c87cd5416de874e50a83.txt,0,0,data/raw/roboflow/malaysia_road_sign_dataset_v1/extracted_full/train/images/119_PNG.rf.8a786230e082c87cd5416de874e50a83.jpg,f188b9c992048a9688f0d928109ff91a5d45c5838672e0daf12d7412b8f673fe,Roadway diverges,44,Roboflow class name is exactly Roadway diverges and probe sheet visually matches assignment sign_032 split/traffic-diverges warning.,285,301,30.500,11.210,198.500,186.120,168.000,174.910,233,221,ee24a851736f929187b5cbee2529e26d2c79879cb5dc7eb44633bb997c02fbc1,data/raw/online_sources/stage_c_gap_fill_06_roboflow_roadway_diverges/crops/roadway_diverges/RF06-roadway-diverges-0008_train_119_PNG.rf.8a786230e082c87cd5416de874e50a83_o00.jpg,real_road_photo_crop_from_detection_dataset,accepted_auto_exact_label_with_probe_visual_check,auto_exact_label_pending_stage_d_visual_qc,yes_pending_stage_d_qc,Selected with minimum 120px bbox side and one-per-base-image spread sampling before using augment variants.
stage_c_gap_fill_06_roboflow_roadway_diverges,RF06-roadway-diverges-0009,roadway_diverges,Traffic diverges,Malaysia Road Sign Dataset v1 via Roboflow,test-22a9b/test-fwdci/1,https://universe.roboflow.com/test-22a9b/test-fwdci/dataset/1,https://universe.roboflow.com/test-22a9b/test-fwdci/dataset/1,data/raw/roboflow/malaysia_road_sign_dataset_v1/extracted_full/data.yaml,Roboflow dataset metadata: CC BY 4.0.,Use with attribution; review Roboflow project terms before redistribution.,train,data/raw/roboflow/malaysia_road_sign_dataset_v1/extracted_full/train/labels/128_PNG.rf.88d7530af1b598097421e6ec70ab478e.txt,0,0,data/raw/roboflow/malaysia_road_sign_dataset_v1/extracted_full/train/images/128_PNG.rf.88d7530af1b598097421e6ec70ab478e.jpg,f6ac56f9829679c24480a99e1fbec6cc6f7c2d84b51dea99d9c0a50458c34c36,Roadway diverges,44,Roboflow class name is exactly Roadway diverges and probe sheet visually matches assignment sign_032 split/traffic-diverges warning.,356,273,11.367,9.331,208.456,213.436,197.089,204.105,249,254,bc391a73015a9cc5120adbbf67f2bb270f62639728e2eae5ced208cf6320529f,data/raw/online_sources/stage_c_gap_fill_06_roboflow_roadway_diverges/crops/roadway_diverges/RF06-roadway-diverges-0009_train_128_PNG.rf.88d7530af1b598097421e6ec70ab478e_o00.jpg,real_road_photo_crop_from_detection_dataset,accepted_auto_exact_label_with_probe_visual_check,auto_exact_label_pending_stage_d_visual_qc,yes_pending_stage_d_qc,Selected with minimum 120px bbox side and one-per-base-image spread sampling before using augment variants.
stage_c_gap_fill_06_roboflow_roadway_diverges,RF06-roadway-diverges-0010,roadway_diverges,Traffic diverges,Malaysia Road Sign Dataset v1 via Roboflow,test-22a9b/test-fwdci/1,https://universe.roboflow.com/test-22a9b/test-fwdci/dataset/1,https://universe.roboflow.com/test-22a9b/test-fwdci/dataset/1,data/raw/roboflow/malaysia_road_sign_dataset_v1/extracted_full/data.yaml,Roboflow dataset metadata: CC BY 4.0.,Use with attribution; review Roboflow project terms before redistribution.,train,data/raw/roboflow/malaysia_road_sign_dataset_v1/extracted_full/train/labels/143_PNG.rf.5f7d5f394ded34fde835c36026438820.txt,0,0,data/raw/roboflow/malaysia_road_sign_dataset_v1/extracted_full/train/images/143_PNG.rf.5f7d5f394ded34fde835c36026438820.jpg,bf0ea028c43b488cb00cedff6178fd1c330fc91acc5f2e8109f54c1ffb67bc4f,Roadway diverges,44,Roboflow class name is exactly Roadway diverges and probe sheet visually matches assignment sign_032 split/traffic-diverges warning.,417,320,24.000,1.258,345.561,320.000,321.561,318.742,410,320,09bdfd8bd2817f2cc6065c6e178a6d59a03cafe87965c64b699867ccf8b4d6bf,data/raw/online_sources/stage_c_gap_fill_06_roboflow_roadway_diverges/crops/roadway_diverges/RF06-roadway-diverges-0010_train_143_PNG.rf.5f7d5f394ded34fde835c36026438820_o00.jpg,real_road_photo_crop_from_detection_dataset,accepted_auto_exact_label_with_probe_visual_check,auto_exact_label_pending_stage_d_visual_qc,yes_pending_stage_d_qc,Selected with minimum 120px bbox side and one-per-base-image spread sampling before using augment variants.
stage_c_gap_fill_06_roboflow_roadway_diverges,RF06-roadway-diverges-0011,roadway_diverges,Traffic diverges,Malaysia Road Sign Dataset v1 via Roboflow,test-22a9b/test-fwdci/1,https://universe.roboflow.com/test-22a9b/test-fwdci/dataset/1,https://universe.roboflow.com/test-22a9b/test-fwdci/dataset/1,data/raw/roboflow/malaysia_road_sign_dataset_v1/extracted_full/data.yaml,Roboflow dataset metadata: CC BY 4.0.,Use with attribution; review Roboflow project terms before redistribution.,train,data/raw/roboflow/malaysia_road_sign_dataset_v1/extracted_full/train/labels/153_PNG.rf.807b3c19a36a1db19727798f28886961.txt,0,0,data/raw/roboflow/malaysia_road_sign_dataset_v1/extracted_full/train/images/153_PNG.rf.807b3c19a36a1db19727798f28886961.jpg,0091a28c6b726dfdeedb3af725fb85f18e2b218237bcd0c908d4e4e880160ef3,Roadway diverges,44,Roboflow class name is exactly Roadway diverges and probe sheet visually matches assignment sign_032 split/traffic-diverges warning.,389,221,74.740,12.500,245.060,188.020,170.320,175.520,240,221,55eb1056af32caeafcd0949f32c7d5eb62e8468e65df7942c54ff251cd26b687,data/raw/online_sources/stage_c_gap_fill_06_roboflow_roadway_diverges/crops/roadway_diverges/RF06-roadway-diverges-0011_train_153_PNG.rf.807b3c19a36a1db19727798f28886961_o00.jpg,real_road_photo_crop_from_detection_dataset,accepted_auto_exact_label_with_probe_visual_check,auto_exact_label_pending_stage_d_visual_qc,yes_pending_stage_d_qc,Selected with minimum 120px bbox side and one-per-base-image spread sampling before using augment variants.
stage_c_gap_fill_06_roboflow_roadway_diverges,RF06-roadway-diverges-0012,roadway_diverges,Traffic diverges,Malaysia Road Sign Dataset v1 via Roboflow,test-22a9b/test-fwdci/1,https://universe.roboflow.com/test-22a9b/test-fwdci/dataset/1,https://universe.roboflow.com/test-22a9b/test-fwdci/dataset/1,data/raw/roboflow/malaysia_road_sign_dataset_v1/extracted_full/data.yaml,Roboflow dataset metadata: CC BY 4.0.,Use with attribution; review Roboflow project terms before redistribution.,train,data/raw/roboflow/malaysia_road_sign_dataset_v1/extracted_full/train/labels/16_PNG.rf.09d8642c5540dcb642f0e39f42f6f254.txt,0,0,data/raw/roboflow/malaysia_road_sign_dataset_v1/extracted_full/train/images/16_PNG.rf.09d8642c5540dcb642f0e39f42f6f254.jpg,f2c8a6b77a5453faa323494cd64f214e5d1b1dfd14bf595372ae16f87c72efa2,Roadway diverges,44,Roboflow class name is exactly Roadway diverges and probe sheet visually matches assignment sign_032 split/traffic-diverges warning.,264,241,48.815,5.905,237.785,204.655,188.970,198.750,255,241,de03abd1e4c56d88cf861698ba7eec0fe56a5d25f072266e05c8c45175de818b,data/raw/online_sources/stage_c_gap_fill_06_roboflow_roadway_diverges/crops/roadway_diverges/RF06-roadway-diverges-0012_train_16_PNG.rf.09d8642c5540dcb642f0e39f42f6f254_o00.jpg,real_road_photo_crop_from_detection_dataset,accepted_auto_exact_label_with_probe_visual_check,auto_exact_label_pending_stage_d_visual_qc,yes_pending_stage_d_qc,Selected with minimum 120px bbox side and one-per-base-image spread sampling before using augment variants.
stage_c_gap_fill_06_roboflow_roadway_diverges,RF06-roadway-diverges-0013,roadway_diverges,Traffic diverges,Malaysia Road Sign Dataset v1 via Roboflow,test-22a9b/test-fwdci/1,https://universe.roboflow.com/test-22a9b/test-fwdci/dataset/1,https://universe.roboflow.com/test-22a9b/test-fwdci/dataset/1,data/raw/roboflow/malaysia_road_sign_dataset_v1/extracted_full/data.yaml,Roboflow dataset metadata: CC BY 4.0.,Use with attribution; review Roboflow project terms before redistribution.,train,data/raw/roboflow/malaysia_road_sign_dataset_v1/extracted_full/train/labels/187_PNG.rf.3f7e91bd2d39ee438181cff42d316baa.txt,0,0,data/raw/roboflow/malaysia_road_sign_dataset_v1/extracted_full/train/images/187_PNG.rf.3f7e91bd2d39ee438181cff42d316baa.jpg,55c4db98c6c889c7894bc4105a207c969e0bae42534fd278e41089db8d5f34e1,Roadway diverges,44,Roboflow class name is exactly Roadway diverges and probe sheet visually matches assignment sign_032 split/traffic-diverges warning.,392,318,0.000,0.436,355.000,318.000,355.000,317.564,392,318,9302561967109698318ddf8e850b7ff9f3c3ba47ee67128f92447518c45f1c21,data/raw/online_sources/stage_c_gap_fill_06_roboflow_roadway_diverges/crops/roadway_diverges/RF06-roadway-diverges-0013_train_187_PNG.rf.3f7e91bd2d39ee438181cff42d316baa_o00.jpg,real_road_photo_crop_from_detection_dataset,accepted_auto_exact_label_with_probe_visual_check,auto_exact_label_pending_stage_d_visual_qc,yes_pending_stage_d_qc,Selected with minimum 120px bbox side and one-per-base-image spread sampling before using augment variants.
stage_c_gap_fill_06_roboflow_roadway_diverges,RF06-roadway-diverges-0014,roadway_diverges,Traffic diverges,Malaysia Road Sign Dataset v1 via Roboflow,test-22a9b/test-fwdci/1,https://universe.roboflow.com/test-22a9b/test-fwdci/dataset/1,https://universe.roboflow.com/test-22a9b/test-fwdci/dataset/1,data/raw/roboflow/malaysia_road_sign_dataset_v1/extracted_full/data.yaml,Roboflow dataset metadata: CC BY 4.0.,Use with attribution; review Roboflow project terms before redistribution.,train,data/raw/roboflow/malaysia_road_sign_dataset_v1/extracted_full/train/labels/199_PNG.rf.3d7dff62462b869ce6b50224d8479ecd.txt,0,0,data/raw/roboflow/malaysia_road_sign_dataset_v1/extracted_full/train/images/199_PNG.rf.3d7dff62462b869ce6b50224d8479ecd.jpg,d58e8d181de83f37338a5ff4d914d94f5c473ffabb85c46422804d03e8542921,Roadway diverges,44,Roboflow class name is exactly Roadway diverges and probe sheet visually matches assignment sign_032 split/traffic-diverges warning.,251,357,43.079,6.540,250.627,212.692,207.548,206.152,249,254,5249dc51746c419cb412c4b5c8ed585ef5a6ac8f94f51e5d65ac7a6bda7a4d15,data/raw/online_sources/stage_c_gap_fill_06_roboflow_roadway_diverges/crops/roadway_diverges/RF06-roadway-diverges-0014_train_199_PNG.rf.3d7dff62462b869ce6b50224d8479ecd_o00.jpg,real_road_photo_crop_from_detection_dataset,accepted_auto_exact_label_with_probe_visual_check,auto_exact_label_pending_stage_d_visual_qc,yes_pending_stage_d_qc,Selected with minimum 120px bbox side and one-per-base-image spread sampling before using augment variants.
stage_c_gap_fill_06_roboflow_roadway_diverges,RF06-roadway-diverges-0015,roadway_diverges,Traffic diverges,Malaysia Road Sign Dataset v1 via Roboflow,test-22a9b/test-fwdci/1,https://universe.roboflow.com/test-22a9b/test-fwdci/dataset/1,https://universe.roboflow.com/test-22a9b/test-fwdci/dataset/1,data/raw/roboflow/malaysia_road_sign_dataset_v1/extracted_full/data.yaml,Roboflow dataset metadata: CC BY 4.0.,Use with attribution; review Roboflow project terms before redistribution.,train,data/raw/roboflow/malaysia_road_sign_dataset_v1/extracted_full/train/labels/212_PNG.rf.85cb4d00a5c84507671d415142dc70c9.txt,0,0,data/raw/roboflow/malaysia_road_sign_dataset_v1/extracted_full/train/images/212_PNG.rf.85cb4d00a5c84507671d415142dc70c9.jpg,7d1f0aaf87455d51e26db51d3b510711aa05174a4c52048ee69fd41adde994c2,Roadway diverges,44,Roboflow class name is exactly Roadway diverges and probe sheet visually matches assignment sign_032 split/traffic-diverges warning.,477,352,53.635,2.340,397.000,341.864,343.365,339.524,466,352,542ec1133e5a0ee47346742b34b75783214865da95d071dd87c4eb507b58576e,data/raw/online_sources/stage_c_gap_fill_06_roboflow_roadway_diverges/crops/roadway_diverges/RF06-roadway-diverges-0015_train_212_PNG.rf.85cb4d00a5c84507671d415142dc70c9_o00.jpg,real_road_photo_crop_from_detection_dataset,accepted_auto_exact_label_with_probe_visual_check,auto_exact_label_pending_stage_d_visual_qc,yes_pending_stage_d_qc,Selected with minimum 120px bbox side and one-per-base-image spread sampling before using augment variants.
stage_c_gap_fill_06_roboflow_roadway_diverges,RF06-roadway-diverges-0016,roadway_diverges,Traffic diverges,Malaysia Road Sign Dataset v1 via Roboflow,test-22a9b/test-fwdci/1,https://universe.roboflow.com/test-22a9b/test-fwdci/dataset/1,https://universe.roboflow.com/test-22a9b/test-fwdci/dataset/1,data/raw/roboflow/malaysia_road_sign_dataset_v1/extracted_full/data.yaml,Roboflow dataset metadata: CC BY 4.0.,Use with attribution; review Roboflow project terms before redistribution.,train,data/raw/roboflow/malaysia_road_sign_dataset_v1/extracted_full/train/labels/227_PNG.rf.0797ca16bc15a8e443e3dbd3c49930d7.txt,0,0,data/raw/roboflow/malaysia_road_sign_dataset_v1/extracted_full/train/images/227_PNG.rf.0797ca16bc15a8e443e3dbd3c49930d7.jpg,cc7f7d5bfd5a5d215156ad819a795e2f1a9a15a5133bd3e4523e4be57c3f5f89,Roadway diverges,44,Roboflow class name is exactly Roadway diverges and probe sheet visually matches assignment sign_032 split/traffic-diverges warning.,205,411,31.830,3.850,197.810,201.670,165.980,197.820,205,241,8d5cb6cbdbfb1a87e6aa2249f0acffd877d65500b7f200023598db97963ecfca,data/raw/online_sources/stage_c_gap_fill_06_roboflow_roadway_diverges/crops/roadway_diverges/RF06-roadway-diverges-0016_train_227_PNG.rf.0797ca16bc15a8e443e3dbd3c49930d7_o00.jpg,real_road_photo_crop_from_detection_dataset,accepted_auto_exact_label_with_probe_visual_check,auto_exact_label_pending_stage_d_visual_qc,yes_pending_stage_d_qc,Selected with minimum 120px bbox side and one-per-base-image spread sampling before using augment variants.
stage_c_gap_fill_06_roboflow_roadway_diverges,RF06-roadway-diverges-0017,roadway_diverges,Traffic diverges,Malaysia Road Sign Dataset v1 via Roboflow,test-22a9b/test-fwdci/1,https://universe.roboflow.com/test-22a9b/test-fwdci/dataset/1,https://universe.roboflow.com/test-22a9b/test-fwdci/dataset/1,data/raw/roboflow/malaysia_road_sign_dataset_v1/extracted_full/data.yaml,Roboflow dataset metadata: CC BY 4.0.,Use with attribution; review Roboflow project terms before redistribution.,train,data/raw/roboflow/malaysia_road_sign_dataset_v1/extracted_full/train/labels/241_PNG.rf.583bb4b511150469c9b8faefb0422d5e.txt,0,0,data/raw/roboflow/malaysia_road_sign_dataset_v1/extracted_full/train/images/241_PNG.rf.583bb4b511150469c9b8faefb0422d5e.jpg,143a5ea4d6960a1589f94a1957159c0c141ac99d89685667ca56db03bdb21801,Roadway diverges,44,Roboflow class name is exactly Roadway diverges and probe sheet visually matches assignment sign_032 split/traffic-diverges warning.,263,420,9.525,20.770,240.115,264.770,230.590,244.000,263,314,16b01797f66b6d5cfa7da70a79d53b3d8fd8937a8de1e4caa89688cc35b6102a,data/raw/online_sources/stage_c_gap_fill_06_roboflow_roadway_diverges/crops/roadway_diverges/RF06-roadway-diverges-0017_train_241_PNG.rf.583bb4b511150469c9b8faefb0422d5e_o00.jpg,real_road_photo_crop_from_detection_dataset,accepted_auto_exact_label_with_probe_visual_check,auto_exact_label_pending_stage_d_visual_qc,yes_pending_stage_d_qc,Selected with minimum 120px bbox side and one-per-base-image spread sampling before using augment variants.
stage_c_gap_fill_06_roboflow_roadway_diverges,RF06-roadway-diverges-0018,roadway_diverges,Traffic diverges,Malaysia Road Sign Dataset v1 via Roboflow,test-22a9b/test-fwdci/1,https://universe.roboflow.com/test-22a9b/test-fwdci/dataset/1,https://universe.roboflow.com/test-22a9b/test-fwdci/dataset/1,data/raw/roboflow/malaysia_road_sign_dataset_v1/extracted_full/data.yaml,Roboflow dataset metadata: CC BY 4.0.,Use with attribution; review Roboflow project terms before redistribution.,train,data/raw/roboflow/malaysia_road_sign_dataset_v1/extracted_full/train/labels/253_PNG.rf.5efa9182011bce229a3624927c39cfa8.txt,0,0,data/raw/roboflow/malaysia_road_sign_dataset_v1/extracted_full/train/images/253_PNG.rf.5efa9182011bce229a3624927c39cfa8.jpg,445531edd555ec34c373891e9a6a7e35f98190be272ec1c1348bbe9e40b99a7f,Roadway diverges,44,Roboflow class name is exactly Roadway diverges and probe sheet visually matches assignment sign_032 split/traffic-diverges warning.,209,365,47.512,3.106,183.518,179.248,136.006,176.142,197,214,dd7f3115fca106aca0251ca134083eb973dd9bdbc33758ba3e5422fbb3505a25,data/raw/online_sources/stage_c_gap_fill_06_roboflow_roadway_diverges/crops/roadway_diverges/RF06-roadway-diverges-0018_train_253_PNG.rf.5efa9182011bce229a3624927c39cfa8_o00.jpg,real_road_photo_crop_from_detection_dataset,accepted_auto_exact_label_with_probe_visual_check,auto_exact_label_pending_stage_d_visual_qc,yes_pending_stage_d_qc,Selected with minimum 120px bbox side and one-per-base-image spread sampling before using augment variants.
stage_c_gap_fill_06_roboflow_roadway_diverges,RF06-roadway-diverges-0019,roadway_diverges,Traffic diverges,Malaysia Road Sign Dataset v1 via Roboflow,test-22a9b/test-fwdci/1,https://universe.roboflow.com/test-22a9b/test-fwdci/dataset/1,https://universe.roboflow.com/test-22a9b/test-fwdci/dataset/1,data/raw/roboflow/malaysia_road_sign_dataset_v1/extracted_full/data.yaml,Roboflow dataset metadata: CC BY 4.0.,Use with attribution; review Roboflow project terms before redistribution.,train,data/raw/roboflow/malaysia_road_sign_dataset_v1/extracted_full/train/labels/265_PNG.rf.58a9cbd4d96835fb3b7367c2859717b8.txt,0,0,data/raw/roboflow/malaysia_road_sign_dataset_v1/extracted_full/train/images/265_PNG.rf.58a9cbd4d96835fb3b7367c2859717b8.jpg,6cd5219ba99a997858efcf7e579121422508da4850822828a6f2b474a8bb7fdf,Roadway diverges,44,Roboflow class name is exactly Roadway diverges and probe sheet visually matches assignment sign_032 split/traffic-diverges warning.,302,483,29.440,36.360,258.320,270.160,228.880,233.800,302,317,cf3ed3d47d087400f928e40f0a458f454d8b4209d1ab82314aa2261f33410cd6,data/raw/online_sources/stage_c_gap_fill_06_roboflow_roadway_diverges/crops/roadway_diverges/RF06-roadway-diverges-0019_train_265_PNG.rf.58a9cbd4d96835fb3b7367c2859717b8_o00.jpg,real_road_photo_crop_from_detection_dataset,accepted_auto_exact_label_with_probe_visual_check,auto_exact_label_pending_stage_d_visual_qc,yes_pending_stage_d_qc,Selected with minimum 120px bbox side and one-per-base-image spread sampling before using augment variants.
stage_c_gap_fill_06_roboflow_roadway_diverges,RF06-roadway-diverges-0020,roadway_diverges,Traffic diverges,Malaysia Road Sign Dataset v1 via Roboflow,test-22a9b/test-fwdci/1,https://universe.roboflow.com/test-22a9b/test-fwdci/dataset/1,https://universe.roboflow.com/test-22a9b/test-fwdci/dataset/1,data/raw/roboflow/malaysia_road_sign_dataset_v1/extracted_full/data.yaml,Roboflow dataset metadata: CC BY 4.0.,Use with attribution; review Roboflow project terms before redistribution.,train,data/raw/roboflow/malaysia_road_sign_dataset_v1/extracted_full/train/labels/285_PNG.rf.5ce634ef72f242576def1571a0d9ebc9.txt,0,0,data/raw/roboflow/malaysia_road_sign_dataset_v1/extracted_full/train/images/285_PNG.rf.5ce634ef72f242576def1571a0d9ebc9.jpg,686ee77c32e2ab00a5eb4936b6f309765c67d1a96a0be0d8f3274b83eec7f071,Roadway diverges,44,Roboflow class name is exactly Roadway diverges and probe sheet visually matches assignment sign_032 split/traffic-diverges warning.,287,379,16.790,5.419,203.971,212.748,187.181,207.329,245,254,f2ecb731444c17270efe7e0e2966ad7a50e3be869b4484e2f7ebd554e7150ac9,data/raw/online_sources/stage_c_gap_fill_06_roboflow_roadway_diverges/crops/roadway_diverges/RF06-roadway-diverges-0020_train_285_PNG.rf.5ce634ef72f242576def1571a0d9ebc9_o00.jpg,real_road_photo_crop_from_detection_dataset,accepted_auto_exact_label_with_probe_visual_check,auto_exact_label_pending_stage_d_visual_qc,yes_pending_stage_d_qc,Selected with minimum 120px bbox side and one-per-base-image spread sampling before using augment variants.
stage_c_gap_fill_06_roboflow_roadway_diverges,RF06-roadway-diverges-0021,roadway_diverges,Traffic diverges,Malaysia Road Sign Dataset v1 via Roboflow,test-22a9b/test-fwdci/1,https://universe.roboflow.com/test-22a9b/test-fwdci/dataset/1,https://universe.roboflow.com/test-22a9b/test-fwdci/dataset/1,data/raw/roboflow/malaysia_road_sign_dataset_v1/extracted_full/data.yaml,Roboflow dataset metadata: CC BY 4.0.,Use with attribution; review Roboflow project terms before redistribution.,train,data/raw/roboflow/malaysia_road_sign_dataset_v1/extracted_full/train/labels/295_PNG.rf.b0409f35fffbe9a5f33a0367c0091f2e.txt,0,0,data/raw/roboflow/malaysia_road_sign_dataset_v1/extracted_full/train/images/295_PNG.rf.b0409f35fffbe9a5f33a0367c0091f2e.jpg,a1d870d88bf1d66f56a71aa40200f8c7382482da44a8f8e8259f19098210fc0c,Roadway diverges,44,Roboflow class name is exactly Roadway diverges and probe sheet visually matches assignment sign_032 split/traffic-diverges warning.,246,288,0.000,0.000,192.000,213.823,192.000,213.823,235,257,dd5a27779bfac055c3e6e2ffccdd5da4954eab3e410d4d9001ea6712d0622988,data/raw/online_sources/stage_c_gap_fill_06_roboflow_roadway_diverges/crops/roadway_diverges/RF06-roadway-diverges-0021_train_295_PNG.rf.b0409f35fffbe9a5f33a0367c0091f2e_o00.jpg,real_road_photo_crop_from_detection_dataset,accepted_auto_exact_label_with_probe_visual_check,auto_exact_label_pending_stage_d_visual_qc,yes_pending_stage_d_qc,Selected with minimum 120px bbox side and one-per-base-image spread sampling before using augment variants.
stage_c_gap_fill_06_roboflow_roadway_diverges,RF06-roadway-diverges-0022,roadway_diverges,Traffic diverges,Malaysia Road Sign Dataset v1 via Roboflow,test-22a9b/test-fwdci/1,https://universe.roboflow.com/test-22a9b/test-fwdci/dataset/1,https://universe.roboflow.com/test-22a9b/test-fwdci/dataset/1,data/raw/roboflow/malaysia_road_sign_dataset_v1/extracted_full/data.yaml,Roboflow dataset metadata: CC BY 4.0.,Use with attribution; review Roboflow project terms before redistribution.,train,data/raw/roboflow/malaysia_road_sign_dataset_v1/extracted_full/train/labels/31_PNG.rf.a830df619c7df7865d2dafd850cd89dc.txt,0,0,data/raw/roboflow/malaysia_road_sign_dataset_v1/extracted_full/train/images/31_PNG.rf.a830df619c7df7865d2dafd850cd89dc.jpg,cf81860b1b28e8f8d4447f1c72cb64e70671f9234b11460ca683283170d7de30,Roadway diverges,44,Roboflow class name is exactly Roadway diverges and probe sheet visually matches assignment sign_032 split/traffic-diverges warning.,288,214,5.152,0.839,217.000,214.000,211.848,213.161,260,214,68a3cd516bb634d53dd00a07a436612210f3f26e2eb686402fa5e5f05edae956,data/raw/online_sources/stage_c_gap_fill_06_roboflow_roadway_diverges/crops/roadway_diverges/RF06-roadway-diverges-0022_train_31_PNG.rf.a830df619c7df7865d2dafd850cd89dc_o00.jpg,real_road_photo_crop_from_detection_dataset,accepted_auto_exact_label_with_probe_visual_check,auto_exact_label_pending_stage_d_visual_qc,yes_pending_stage_d_qc,Selected with minimum 120px bbox side and one-per-base-image spread sampling before using augment variants.
stage_c_gap_fill_06_roboflow_roadway_diverges,RF06-roadway-diverges-0023,roadway_diverges,Traffic diverges,Malaysia Road Sign Dataset v1 via Roboflow,test-22a9b/test-fwdci/1,https://universe.roboflow.com/test-22a9b/test-fwdci/dataset/1,https://universe.roboflow.com/test-22a9b/test-fwdci/dataset/1,data/raw/roboflow/malaysia_road_sign_dataset_v1/extracted_full/data.yaml,Roboflow dataset metadata: CC BY 4.0.,Use with attribution; review Roboflow project terms before redistribution.,train,data/raw/roboflow/malaysia_road_sign_dataset_v1/extracted_full/train/labels/341_PNG.rf.5856db4ff22529e06938363425c7e3e9.txt,0,0,data/raw/roboflow/malaysia_road_sign_dataset_v1/extracted_full/train/images/341_PNG.rf.5856db4ff22529e06938363425c7e3e9.jpg,804fff5b7529291be1455db70a78b98ab6466ea83ca31febfbb997cc62d10919,Roadway diverges,44,Roboflow class name is exactly Roadway diverges and probe sheet visually matches assignment sign_032 split/traffic-diverges warning.,250,210,33.329,0.000,187.000,151.113,153.671,151.113,215,182,c240df7aa0ff029a72985bf700efbebea85f78df684077496f82f607d29df105,data/raw/online_sources/stage_c_gap_fill_06_roboflow_roadway_diverges/crops/roadway_diverges/RF06-roadway-diverges-0023_train_341_PNG.rf.5856db4ff22529e06938363425c7e3e9_o00.jpg,real_road_photo_crop_from_detection_dataset,accepted_auto_exact_label_with_probe_visual_check,auto_exact_label_pending_stage_d_visual_qc,yes_pending_stage_d_qc,Selected with minimum 120px bbox side and one-per-base-image spread sampling before using augment variants.
stage_c_gap_fill_06_roboflow_roadway_diverges,RF06-roadway-diverges-0024,roadway_diverges,Traffic diverges,Malaysia Road Sign Dataset v1 via Roboflow,test-22a9b/test-fwdci/1,https://universe.roboflow.com/test-22a9b/test-fwdci/dataset/1,https://universe.roboflow.com/test-22a9b/test-fwdci/dataset/1,data/raw/roboflow/malaysia_road_sign_dataset_v1/extracted_full/data.yaml,Roboflow dataset metadata: CC BY 4.0.,Use with attribution; review Roboflow project terms before redistribution.,train,data/raw/roboflow/malaysia_road_sign_dataset_v1/extracted_full/train/labels/359_PNG.rf.a771ca37abc7d79eee9d6d99fcfb2032.txt,0,0,data/raw/roboflow/malaysia_road_sign_dataset_v1/extracted_full/train/images/359_PNG.rf.a771ca37abc7d79eee9d6d99fcfb2032.jpg,3295fd50437b8fa2d1335f022c2f4eb15f5950eb8552d98e321d2a04f2b4ef27,Roadway diverges,44,Roboflow class name is exactly Roadway diverges and probe sheet visually matches assignment sign_032 split/traffic-diverges warning.,291,273,43.064,3.382,183.705,146.000,140.641,142.617,197,175,37dc4ef7efc462c58d37ca8226d1e56bc98562e56944c91e41e913f2f10510da,data/raw/online_sources/stage_c_gap_fill_06_roboflow_roadway_diverges/crops/roadway_diverges/RF06-roadway-diverges-0024_train_359_PNG.rf.a771ca37abc7d79eee9d6d99fcfb2032_o00.jpg,real_road_photo_crop_from_detection_dataset,accepted_auto_exact_label_with_probe_visual_check,auto_exact_label_pending_stage_d_visual_qc,yes_pending_stage_d_qc,Selected with minimum 120px bbox side and one-per-base-image spread sampling before using augment variants.
stage_c_gap_fill_06_roboflow_roadway_diverges,RF06-roadway-diverges-0025,roadway_diverges,Traffic diverges,Malaysia Road Sign Dataset v1 via Roboflow,test-22a9b/test-fwdci/1,https://universe.roboflow.com/test-22a9b/test-fwdci/dataset/1,https://universe.roboflow.com/test-22a9b/test-fwdci/dataset/1,data/raw/roboflow/malaysia_road_sign_dataset_v1/extracted_full/data.yaml,Roboflow dataset metadata: CC BY 4.0.,Use with attribution; review Roboflow project terms before redistribution.,train,data/raw/roboflow/malaysia_road_sign_dataset_v1/extracted_full/train/labels/385_PNG.rf.1327de29c858c4909bd019f5eba6b25b.txt,0,0,data/raw/roboflow/malaysia_road_sign_dataset_v1/extracted_full/train/images/385_PNG.rf.1327de29c858c4909bd019f5eba6b25b.jpg,4aa7167bb293e05066cc73eb1afc5b85343f9cd0f045e63b7f56399293d554b3,Roadway diverges,44,Roboflow class name is exactly Roadway diverges and probe sheet visually matches assignment sign_032 split/traffic-diverges warning.,170,331,0.000,0.000,170.000,190.000,170.000,190.000,170,228,e1d5fb122cc49cbcf15c60fcd1d2c37fe5f7cbf050288835bf426f6a5a98331e,data/raw/online_sources/stage_c_gap_fill_06_roboflow_roadway_diverges/crops/roadway_diverges/RF06-roadway-diverges-0025_train_385_PNG.rf.1327de29c858c4909bd019f5eba6b25b_o00.jpg,real_road_photo_crop_from_detection_dataset,accepted_auto_exact_label_with_probe_visual_check,auto_exact_label_pending_stage_d_visual_qc,yes_pending_stage_d_qc,Selected with minimum 120px bbox side and one-per-base-image spread sampling before using augment variants.
stage_c_gap_fill_06_roboflow_roadway_diverges,RF06-roadway-diverges-0026,roadway_diverges,Traffic diverges,Malaysia Road Sign Dataset v1 via Roboflow,test-22a9b/test-fwdci/1,https://universe.roboflow.com/test-22a9b/test-fwdci/dataset/1,https://universe.roboflow.com/test-22a9b/test-fwdci/dataset/1,data/raw/roboflow/malaysia_road_sign_dataset_v1/extracted_full/data.yaml,Roboflow dataset metadata: CC BY 4.0.,Use with attribution; review Roboflow project terms before redistribution.,train,data/raw/roboflow/malaysia_road_sign_dataset_v1/extracted_full/train/labels/48_PNG.rf.0c879d522580957571585a518b451e20.txt,0,0,data/raw/roboflow/malaysia_road_sign_dataset_v1/extracted_full/train/images/48_PNG.rf.0c879d522580957571585a518b451e20.jpg,a602ffe48669a25b757a376adb4d2ee22914265abaeac4dfe18f6e449ce6c891,Roadway diverges,44,Roboflow class name is exactly Roadway diverges and probe sheet visually matches assignment sign_032 split/traffic-diverges warning.,282,284,53.409,0.000,257.000,243.835,203.591,243.835,277,284,8746e0cfe2feb509268ba0a83bec74e335151dd589aa5cfd80bd1d9614b7c5d7,data/raw/online_sources/stage_c_gap_fill_06_roboflow_roadway_diverges/crops/roadway_diverges/RF06-roadway-diverges-0026_train_48_PNG.rf.0c879d522580957571585a518b451e20_o00.jpg,real_road_photo_crop_from_detection_dataset,accepted_auto_exact_label_with_probe_visual_check,auto_exact_label_pending_stage_d_visual_qc,yes_pending_stage_d_qc,Selected with minimum 120px bbox side and one-per-base-image spread sampling before using augment variants.
stage_c_gap_fill_06_roboflow_roadway_diverges,RF06-roadway-diverges-0027,roadway_diverges,Traffic diverges,Malaysia Road Sign Dataset v1 via Roboflow,test-22a9b/test-fwdci/1,https://universe.roboflow.com/test-22a9b/test-fwdci/dataset/1,https://universe.roboflow.com/test-22a9b/test-fwdci/dataset/1,data/raw/roboflow/malaysia_road_sign_dataset_v1/extracted_full/data.yaml,Roboflow dataset metadata: CC BY 4.0.,Use with attribution; review Roboflow project terms before redistribution.,train,data/raw/roboflow/malaysia_road_sign_dataset_v1/extracted_full/train/labels/61_PNG.rf.7277996963decddee28c0aa8b01f72b1.txt,0,0,data/raw/roboflow/malaysia_road_sign_dataset_v1/extracted_full/train/images/61_PNG.rf.7277996963decddee28c0aa8b01f72b1.jpg,250605fdde83379532ee4f5b5d7053dc0269b7b36f790cf7dea37864dabdbf45,Roadway diverges,44,Roboflow class name is exactly Roadway diverges and probe sheet visually matches assignment sign_032 split/traffic-diverges warning.,376,441,98.349,1.249,376.000,402.719,277.651,401.471,358,441,1fa63439cb4e7c2733d6d56a9553740e985150dd6fef78f8b16a125f6c84ca01,data/raw/online_sources/stage_c_gap_fill_06_roboflow_roadway_diverges/crops/roadway_diverges/RF06-roadway-diverges-0027_train_61_PNG.rf.7277996963decddee28c0aa8b01f72b1_o00.jpg,real_road_photo_crop_from_detection_dataset,accepted_auto_exact_label_with_probe_visual_check,auto_exact_label_pending_stage_d_visual_qc,yes_pending_stage_d_qc,Selected with minimum 120px bbox side and one-per-base-image spread sampling before using augment variants.
stage_c_gap_fill_06_roboflow_roadway_diverges,RF06-roadway-diverges-0028,roadway_diverges,Traffic diverges,Malaysia Road Sign Dataset v1 via Roboflow,test-22a9b/test-fwdci/1,https://universe.roboflow.com/test-22a9b/test-fwdci/dataset/1,https://universe.roboflow.com/test-22a9b/test-fwdci/dataset/1,data/raw/roboflow/malaysia_road_sign_dataset_v1/extracted_full/data.yaml,Roboflow dataset metadata: CC BY 4.0.,Use with attribution; review Roboflow project terms before redistribution.,train,data/raw/roboflow/malaysia_road_sign_dataset_v1/extracted_full/train/labels/75_PNG.rf.1e59f35a163410746cb7df5fb6f5e743.txt,0,0,data/raw/roboflow/malaysia_road_sign_dataset_v1/extracted_full/train/images/75_PNG.rf.1e59f35a163410746cb7df5fb6f5e743.jpg,8176952f6546cf81917c4dafb2b09418e9461dad4cc2db070a1dd599cdcd6315,Roadway diverges,44,Roboflow class name is exactly Roadway diverges and probe sheet visually matches assignment sign_032 split/traffic-diverges warning.,486,418,33.000,0.000,389.594,331.808,356.594,331.808,461,403,ef0f69da81fa199e63b434f187a788338a8eed564d56b613789db7929f72ae9b,data/raw/online_sources/stage_c_gap_fill_06_roboflow_roadway_diverges/crops/roadway_diverges/RF06-roadway-diverges-0028_train_75_PNG.rf.1e59f35a163410746cb7df5fb6f5e743_o00.jpg,real_road_photo_crop_from_detection_dataset,accepted_auto_exact_label_with_probe_visual_check,auto_exact_label_pending_stage_d_visual_qc,yes_pending_stage_d_qc,Selected with minimum 120px bbox side and one-per-base-image spread sampling before using augment variants.
stage_c_gap_fill_06_roboflow_roadway_diverges,RF06-roadway-diverges-0029,roadway_diverges,Traffic diverges,Malaysia Road Sign Dataset v1 via Roboflow,test-22a9b/test-fwdci/1,https://universe.roboflow.com/test-22a9b/test-fwdci/dataset/1,https://universe.roboflow.com/test-22a9b/test-fwdci/dataset/1,data/raw/roboflow/malaysia_road_sign_dataset_v1/extracted_full/data.yaml,Roboflow dataset metadata: CC BY 4.0.,Use with attribution; review Roboflow project terms before redistribution.,train,data/raw/roboflow/malaysia_road_sign_dataset_v1/extracted_full/train/labels/87_PNG.rf.824bbd01ae7553e1c0d2dfaaf1827e71.txt,0,0,data/raw/roboflow/malaysia_road_sign_dataset_v1/extracted_full/train/images/87_PNG.rf.824bbd01ae7553e1c0d2dfaaf1827e71.jpg,8e5d2b1d683efeadc9f3cbfece50f3cb934d45abe54e9511e1365a09ad34e6eb,Roadway diverges,44,Roboflow class name is exactly Roadway diverges and probe sheet visually matches assignment sign_032 split/traffic-diverges warning.,489,446,62.820,33.335,350.960,323.525,288.140,290.190,404,382,32fe3ac206823b75d8ccdfbd4a5053a07b10ce0a30fc3c9145766862d99d95e1,data/raw/online_sources/stage_c_gap_fill_06_roboflow_roadway_diverges/crops/roadway_diverges/RF06-roadway-diverges-0029_train_87_PNG.rf.824bbd01ae7553e1c0d2dfaaf1827e71_o00.jpg,real_road_photo_crop_from_detection_dataset,accepted_auto_exact_label_with_probe_visual_check,auto_exact_label_pending_stage_d_visual_qc,yes_pending_stage_d_qc,Selected with minimum 120px bbox side and one-per-base-image spread sampling before using augment variants.
stage_c_gap_fill_06_roboflow_roadway_diverges,RF06-roadway-diverges-0030,roadway_diverges,Traffic diverges,Malaysia Road Sign Dataset v1 via Roboflow,test-22a9b/test-fwdci/1,https://universe.roboflow.com/test-22a9b/test-fwdci/dataset/1,https://universe.roboflow.com/test-22a9b/test-fwdci/dataset/1,data/raw/roboflow/malaysia_road_sign_dataset_v1/extracted_full/data.yaml,Roboflow dataset metadata: CC BY 4.0.,Use with attribution; review Roboflow project terms before redistribution.,train,data/raw/roboflow/malaysia_road_sign_dataset_v1/extracted_full/train/labels/DSC-0148_jpg.rf.2751fadbe1e995302726ac9bd41309cf.txt,0,3,data/raw/roboflow/malaysia_road_sign_dataset_v1/extracted_full/train/images/DSC-0148_jpg.rf.2751fadbe1e995302726ac9bd41309cf.jpg,8aecd458f0497861bb36f3b2bcc429c85d483678162df0a6194c54526fd10a1b,Roadway diverges,44,Roboflow class name is exactly Roadway diverges and probe sheet visually matches assignment sign_032 split/traffic-diverges warning.,2048,1152,232.099,198.983,431.556,390.926,199.457,191.943,279,272,4bb82d19dba1bbf33c79b08ed6c8503e94c85c5188232251ff4ed6e84ad57342,data/raw/online_sources/stage_c_gap_fill_06_roboflow_roadway_diverges/crops/roadway_diverges/RF06-roadway-diverges-0030_train_DSC-0148_jpg.rf.2751fadbe1e995302726ac9bd41309cf_o03.jpg,real_road_photo_crop_from_detection_dataset,accepted_auto_exact_label_with_probe_visual_check,auto_exact_label_pending_stage_d_visual_qc,yes_pending_stage_d_qc,Selected with minimum 120px bbox side and one-per-base-image spread sampling before using augment variants.
stage_c_gap_fill_06_roboflow_roadway_diverges,RF06-roadway-diverges-0031,roadway_diverges,Traffic diverges,Malaysia Road Sign Dataset v1 via Roboflow,test-22a9b/test-fwdci/1,https://universe.roboflow.com/test-22a9b/test-fwdci/dataset/1,https://universe.roboflow.com/test-22a9b/test-fwdci/dataset/1,data/raw/roboflow/malaysia_road_sign_dataset_v1/extracted_full/data.yaml,Roboflow dataset metadata: CC BY 4.0.,Use with attribution; review Roboflow project terms before redistribution.,train,data/raw/roboflow/malaysia_road_sign_dataset_v1/extracted_full/train/labels/N45_png.rf.2ddb46c71ef92fbd49726ade04ae5fcb.txt,0,0,data/raw/roboflow/malaysia_road_sign_dataset_v1/extracted_full/train/images/N45_png.rf.2ddb46c71ef92fbd49726ade04ae5fcb.jpg,b53126d75dfd7cbe7b60fe2bb68c48c1ef3b890a5f0a2152a05cb83ec7478172,Roadway diverges,44,Roboflow class name is exactly Roadway diverges and probe sheet visually matches assignment sign_032 split/traffic-diverges warning.,288,323,5.000,0.000,271.293,282.942,266.293,282.942,288,323,9c2d857f2ea1c87ac15661c78b627c5179f45a889cf201b96e2cf3b98f6ae4da,data/raw/online_sources/stage_c_gap_fill_06_roboflow_roadway_diverges/crops/roadway_diverges/RF06-roadway-diverges-0031_train_N45_png.rf.2ddb46c71ef92fbd49726ade04ae5fcb_o00.jpg,real_road_photo_crop_from_detection_dataset,accepted_auto_exact_label_with_probe_visual_check,auto_exact_label_pending_stage_d_visual_qc,yes_pending_stage_d_qc,Selected with minimum 120px bbox side and one-per-base-image spread sampling before using augment variants.
stage_c_gap_fill_06_roboflow_roadway_diverges,RF06-roadway-diverges-0032,roadway_diverges,Traffic diverges,Malaysia Road Sign Dataset v1 via Roboflow,test-22a9b/test-fwdci/1,https://universe.roboflow.com/test-22a9b/test-fwdci/dataset/1,https://universe.roboflow.com/test-22a9b/test-fwdci/dataset/1,data/raw/roboflow/malaysia_road_sign_dataset_v1/extracted_full/data.yaml,Roboflow dataset metadata: CC BY 4.0.,Use with attribution; review Roboflow project terms before redistribution.,train,data/raw/roboflow/malaysia_road_sign_dataset_v1/extracted_full/train/labels/N77_png.rf.32d1caec19a4c1b64e89cfadbdde0027.txt,0,0,data/raw/roboflow/malaysia_road_sign_dataset_v1/extracted_full/train/images/N77_png.rf.32d1caec19a4c1b64e89cfadbdde0027.jpg,f014da4cdd783d7acc3ea40ddf024a1a1356d3e9c9e0d5c11674d30a68d30ae2,Roadway diverges,44,Roboflow class name is exactly Roadway diverges and probe sheet visually matches assignment sign_032 split/traffic-diverges warning.,328,419,10.000,0.175,305.458,375.219,295.458,375.045,328,419,10098909046bb8e1c39d3a5aeffa3b2ea5206b0f864df0abd29372aacce79c6a,data/raw/online_sources/stage_c_gap_fill_06_roboflow_roadway_diverges/crops/roadway_diverges/RF06-roadway-diverges-0032_train_N77_png.rf.32d1caec19a4c1b64e89cfadbdde0027_o00.jpg,real_road_photo_crop_from_detection_dataset,accepted_auto_exact_label_with_probe_visual_check,auto_exact_label_pending_stage_d_visual_qc,yes_pending_stage_d_qc,Selected with minimum 120px bbox side and one-per-base-image spread sampling before using augment variants.
stage_c_gap_fill_06_roboflow_roadway_diverges,RF06-roadway-diverges-0033,roadway_diverges,Traffic diverges,Malaysia Road Sign Dataset v1 via Roboflow,test-22a9b/test-fwdci/1,https://universe.roboflow.com/test-22a9b/test-fwdci/dataset/1,https://universe.roboflow.com/test-22a9b/test-fwdci/dataset/1,data/raw/roboflow/malaysia_road_sign_dataset_v1/extracted_full/data.yaml,Roboflow dataset metadata: CC BY 4.0.,Use with attribution; review Roboflow project terms before redistribution.,train,data/raw/roboflow/malaysia_road_sign_dataset_v1/extracted_full/train/labels/P1830971_jpg.rf.1820a313f283e33939878b6c8e301dc0.txt,0,0,data/raw/roboflow/malaysia_road_sign_dataset_v1/extracted_full/train/images/P1830971_jpg.rf.1820a313f283e33939878b6c8e301dc0.jpg,21cd6b49618d8efa36e4d47eb52ef6ee69eb77d0aa18fc6a85a128e7bf0266e4,Roadway diverges,44,Roboflow class name is exactly Roadway diverges and probe sheet visually matches assignment sign_032 split/traffic-diverges warning.,2048,1537,1278.000,581.000,1476.000,779.000,198.000,198.000,278,278,773d1647bfa6d7a3b1a8d36aa19ce8e3b0a3136f83703b79792a6b09732e8490,data/raw/online_sources/stage_c_gap_fill_06_roboflow_roadway_diverges/crops/roadway_diverges/RF06-roadway-diverges-0033_train_P1830971_jpg.rf.1820a313f283e33939878b6c8e301dc0_o00.jpg,real_road_photo_crop_from_detection_dataset,accepted_auto_exact_label_with_probe_visual_check,auto_exact_label_pending_stage_d_visual_qc,yes_pending_stage_d_qc,Selected with minimum 120px bbox side and one-per-base-image spread sampling before using augment variants.
stage_c_gap_fill_06_roboflow_roadway_diverges,RF06-roadway-diverges-0034,roadway_diverges,Traffic diverges,Malaysia Road Sign Dataset v1 via Roboflow,test-22a9b/test-fwdci/1,https://universe.roboflow.com/test-22a9b/test-fwdci/dataset/1,https://universe.roboflow.com/test-22a9b/test-fwdci/dataset/1,data/raw/roboflow/malaysia_road_sign_dataset_v1/extracted_full/data.yaml,Roboflow dataset metadata: CC BY 4.0.,Use with attribution; review Roboflow project terms before redistribution.,train,data/raw/roboflow/malaysia_road_sign_dataset_v1/extracted_full/train/labels/P1840084_jpg.rf.421707fc24427094ed56bc42e06c148f.txt,0,2,data/raw/roboflow/malaysia_road_sign_dataset_v1/extracted_full/train/images/P1840084_jpg.rf.421707fc24427094ed56bc42e06c148f.jpg,f867e2ec99adb9a53d7fdd346b50dcd275477926998a3327d015f9f17272312d,Roadway diverges,44,Roboflow class name is exactly Roadway diverges and probe sheet visually matches assignment sign_032 split/traffic-diverges warning.,2048,1537,991.000,699.500,1173.000,880.500,182.000,181.000,254,254,5948d099e2417ee46bd743db65e708ade2af20a37610311bac1a70bde448dac5,data/raw/online_sources/stage_c_gap_fill_06_roboflow_roadway_diverges/crops/roadway_diverges/RF06-roadway-diverges-0034_train_P1840084_jpg.rf.421707fc24427094ed56bc42e06c148f_o02.jpg,real_road_photo_crop_from_detection_dataset,accepted_auto_exact_label_with_probe_visual_check,auto_exact_label_pending_stage_d_visual_qc,yes_pending_stage_d_qc,Selected with minimum 120px bbox side and one-per-base-image spread sampling before using augment variants.
stage_c_gap_fill_06_roboflow_roadway_diverges,RF06-roadway-diverges-0035,roadway_diverges,Traffic diverges,Malaysia Road Sign Dataset v1 via Roboflow,test-22a9b/test-fwdci/1,https://universe.roboflow.com/test-22a9b/test-fwdci/dataset/1,https://universe.roboflow.com/test-22a9b/test-fwdci/dataset/1,data/raw/roboflow/malaysia_road_sign_dataset_v1/extracted_full/data.yaml,Roboflow dataset metadata: CC BY 4.0.,Use with attribution; review Roboflow project terms before redistribution.,train,data/raw/roboflow/malaysia_road_sign_dataset_v1/extracted_full/train/labels/P1840173_jpg.rf.550a75ac8fead9aed85e288e50fe790c.txt,0,2,data/raw/roboflow/malaysia_road_sign_dataset_v1/extracted_full/train/images/P1840173_jpg.rf.550a75ac8fead9aed85e288e50fe790c.jpg,e972cd1c3f5e55b0ff56e728d0dfc4a98935c42cc823f015a8ef4b97fd87ea6a,Roadway diverges,44,Roboflow class name is exactly Roadway diverges and probe sheet visually matches assignment sign_032 split/traffic-diverges warning.,2048,1537,107.000,863.500,285.000,1044.500,178.000,181.000,250,254,890be838f09b678618f22d2e7c15ecee9216ec781b8983622eb22fb1aace1e6e,data/raw/online_sources/stage_c_gap_fill_06_roboflow_roadway_diverges/crops/roadway_diverges/RF06-roadway-diverges-0035_train_P1840173_jpg.rf.550a75ac8fead9aed85e288e50fe790c_o02.jpg,real_road_photo_crop_from_detection_dataset,accepted_auto_exact_label_with_probe_visual_check,auto_exact_label_pending_stage_d_visual_qc,yes_pending_stage_d_qc,Selected with minimum 120px bbox side and one-per-base-image spread sampling before using augment variants.
stage_c_gap_fill_06_roboflow_roadway_diverges,RF06-roadway-diverges-0036,roadway_diverges,Traffic diverges,Malaysia Road Sign Dataset v1 via Roboflow,test-22a9b/test-fwdci/1,https://universe.roboflow.com/test-22a9b/test-fwdci/dataset/1,https://universe.roboflow.com/test-22a9b/test-fwdci/dataset/1,data/raw/roboflow/malaysia_road_sign_dataset_v1/extracted_full/data.yaml,Roboflow dataset metadata: CC BY 4.0.,Use with attribution; review Roboflow project terms before redistribution.,train,data/raw/roboflow/malaysia_road_sign_dataset_v1/extracted_full/train/labels/P1840245_jpg.rf.0b15dbf6a0ca4b0795f47f1a929c7d3e.txt,0,2,data/raw/roboflow/malaysia_road_sign_dataset_v1/extracted_full/train/images/P1840245_jpg.rf.0b15dbf6a0ca4b0795f47f1a929c7d3e.jpg,a1eb5a744a8c96a5df040bfe50ecf93364adc629de4b01fb5d57450ca47b415d,Roadway diverges,44,Roboflow class name is exactly Roadway diverges and probe sheet visually matches assignment sign_032 split/traffic-diverges warning.,2048,1537,1047.935,672.189,1179.110,803.589,131.175,131.400,183,184,bdc0cfbafc70b62dd831973cb8cb1d9f813a85327a492df23e87b6ef75ce46ec,data/raw/online_sources/stage_c_gap_fill_06_roboflow_roadway_diverges/crops/roadway_diverges/RF06-roadway-diverges-0036_train_P1840245_jpg.rf.0b15dbf6a0ca4b0795f47f1a929c7d3e_o02.jpg,real_road_photo_crop_from_detection_dataset,accepted_auto_exact_label_with_probe_visual_check,auto_exact_label_pending_stage_d_visual_qc,yes_pending_stage_d_qc,Selected with minimum 120px bbox side and one-per-base-image spread sampling before using augment variants.
stage_c_gap_fill_06_roboflow_roadway_diverges,RF06-roadway-diverges-0037,roadway_diverges,Traffic diverges,Malaysia Road Sign Dataset v1 via Roboflow,test-22a9b/test-fwdci/1,https://universe.roboflow.com/test-22a9b/test-fwdci/dataset/1,https://universe.roboflow.com/test-22a9b/test-fwdci/dataset/1,data/raw/roboflow/malaysia_road_sign_dataset_v1/extracted_full/data.yaml,Roboflow dataset metadata: CC BY 4.0.,Use with attribution; review Roboflow project terms before redistribution.,train,data/raw/roboflow/malaysia_road_sign_dataset_v1/extracted_full/train/labels/P1840364_jpg.rf.3127d357eea3b9bca5c4bbf4df1c4700.txt,0,2,data/raw/roboflow/malaysia_road_sign_dataset_v1/extracted_full/train/images/P1840364_jpg.rf.3127d357eea3b9bca5c4bbf4df1c4700.jpg,f148aeee4e8b770846448688ddc497559e3239648480f5b0d31432e6c8df66e2,Roadway diverges,44,Roboflow class name is exactly Roadway diverges and probe sheet visually matches assignment sign_032 split/traffic-diverges warning.,2048,1537,490.182,758.347,681.680,944.488,191.497,186.141,268,263,8514b833cd1cb0a258dc8124f7358add41ba4c6b46ef5ae788dde195dc074c33,data/raw/online_sources/stage_c_gap_fill_06_roboflow_roadway_diverges/crops/roadway_diverges/RF06-roadway-diverges-0037_train_P1840364_jpg.rf.3127d357eea3b9bca5c4bbf4df1c4700_o02.jpg,real_road_photo_crop_from_detection_dataset,accepted_auto_exact_label_with_probe_visual_check,auto_exact_label_pending_stage_d_visual_qc,yes_pending_stage_d_qc,Selected with minimum 120px bbox side and one-per-base-image spread sampling before using augment variants.
stage_c_gap_fill_06_roboflow_roadway_diverges,RF06-roadway-diverges-0038,roadway_diverges,Traffic diverges,Malaysia Road Sign Dataset v1 via Roboflow,test-22a9b/test-fwdci/1,https://universe.roboflow.com/test-22a9b/test-fwdci/dataset/1,https://universe.roboflow.com/test-22a9b/test-fwdci/dataset/1,data/raw/roboflow/malaysia_road_sign_dataset_v1/extracted_full/data.yaml,Roboflow dataset metadata: CC BY 4.0.,Use with attribution; review Roboflow project terms before redistribution.,train,data/raw/roboflow/malaysia_road_sign_dataset_v1/extracted_full/train/labels/P1840402_jpg.rf.4b98f5ec843b736788f72b57a0a26d97.txt,0,0,data/raw/roboflow/malaysia_road_sign_dataset_v1/extracted_full/train/images/P1840402_jpg.rf.4b98f5ec843b736788f72b57a0a26d97.jpg,1009f484c3e115f11e89300325ec81b9e22bfb495c0eceaaef037f2264a1845b,Roadway diverges,44,Roboflow class name is exactly Roadway diverges and probe sheet visually matches assignment sign_032 split/traffic-diverges warning.,2048,1537,428.500,817.000,569.500,957.000,141.000,140.000,198,196,20ab44edb7e01eeb5c12840a48513de0271b7c9f775964aa531e931fdf536bfa,data/raw/online_sources/stage_c_gap_fill_06_roboflow_roadway_diverges/crops/roadway_diverges/RF06-roadway-diverges-0038_train_P1840402_jpg.rf.4b98f5ec843b736788f72b57a0a26d97_o00.jpg,real_road_photo_crop_from_detection_dataset,accepted_auto_exact_label_with_probe_visual_check,auto_exact_label_pending_stage_d_visual_qc,yes_pending_stage_d_qc,Selected with minimum 120px bbox side and one-per-base-image spread sampling before using augment variants.
stage_c_gap_fill_06_roboflow_roadway_diverges,RF06-roadway-diverges-0039,roadway_diverges,Traffic diverges,Malaysia Road Sign Dataset v1 via Roboflow,test-22a9b/test-fwdci/1,https://universe.roboflow.com/test-22a9b/test-fwdci/dataset/1,https://universe.roboflow.com/test-22a9b/test-fwdci/dataset/1,data/raw/roboflow/malaysia_road_sign_dataset_v1/extracted_full/data.yaml,Roboflow dataset metadata: CC BY 4.0.,Use with attribution; review Roboflow project terms before redistribution.,train,data/raw/roboflow/malaysia_road_sign_dataset_v1/extracted_full/train/labels/P1840479_jpg.rf.70fa60c425df137bf78f6d86b8708a1b.txt,0,2,data/raw/roboflow/malaysia_road_sign_dataset_v1/extracted_full/train/images/P1840479_jpg.rf.70fa60c425df137bf78f6d86b8708a1b.jpg,bae7dfbdab46985422db94565ddd5e655c8acdc23f7a86d15e9d99b9969f64d8,Roadway diverges,44,Roboflow class name is exactly Roadway diverges and probe sheet visually matches assignment sign_032 split/traffic-diverges warning.,2048,1537,468.662,597.060,623.576,762.130,154.913,165.071,221,231,bce70a90309f03313b112a42f5a103e1708580ced33b2b8766e6696e5af5e727,data/raw/online_sources/stage_c_gap_fill_06_roboflow_roadway_diverges/crops/roadway_diverges/RF06-roadway-diverges-0039_train_P1840479_jpg.rf.70fa60c425df137bf78f6d86b8708a1b_o02.jpg,real_road_photo_crop_from_detection_dataset,accepted_auto_exact_label_with_probe_visual_check,auto_exact_label_pending_stage_d_visual_qc,yes_pending_stage_d_qc,Selected with minimum 120px bbox side and one-per-base-image spread sampling before using augment variants.
stage_c_gap_fill_06_roboflow_roadway_diverges,RF06-roadway-diverges-0040,roadway_diverges,Traffic diverges,Malaysia Road Sign Dataset v1 via Roboflow,test-22a9b/test-fwdci/1,https://universe.roboflow.com/test-22a9b/test-fwdci/dataset/1,https://universe.roboflow.com/test-22a9b/test-fwdci/dataset/1,data/raw/roboflow/malaysia_road_sign_dataset_v1/extracted_full/data.yaml,Roboflow dataset metadata: CC BY 4.0.,Use with attribution; review Roboflow project terms before redistribution.,train,data/raw/roboflow/malaysia_road_sign_dataset_v1/extracted_full/train/labels/P1840560_jpg.rf.3449aa050d141e1358eb531f86bd88be.txt,0,2,data/raw/roboflow/malaysia_road_sign_dataset_v1/extracted_full/train/images/P1840560_jpg.rf.3449aa050d141e1358eb531f86bd88be.jpg,e303f508d8c7a772c2fbe88c0fada1a179af77fc8c8fedcc68b1b5a8ffd25111,Roadway diverges,44,Roboflow class name is exactly Roadway diverges and probe sheet visually matches assignment sign_032 split/traffic-diverges warning.,2048,1537,1127.000,703.000,1315.000,889.000,188.000,186.000,264,262,f269bef21d7fa4298c2d3fea8dd32c62102d04cd8b8fa671953094438d1be3d9,data/raw/online_sources/stage_c_gap_fill_06_roboflow_roadway_diverges/crops/roadway_diverges/RF06-roadway-diverges-0040_train_P1840560_jpg.rf.3449aa050d141e1358eb531f86bd88be_o02.jpg,real_road_photo_crop_from_detection_dataset,accepted_auto_exact_label_with_probe_visual_check,auto_exact_label_pending_stage_d_visual_qc,yes_pending_stage_d_qc,Selected with minimum 120px bbox side and one-per-base-image spread sampling before using augment variants.
stage_c_gap_fill_06_roboflow_roadway_diverges,RF06-roadway-diverges-0041,roadway_diverges,Traffic diverges,Malaysia Road Sign Dataset v1 via Roboflow,test-22a9b/test-fwdci/1,https://universe.roboflow.com/test-22a9b/test-fwdci/dataset/1,https://universe.roboflow.com/test-22a9b/test-fwdci/dataset/1,data/raw/roboflow/malaysia_road_sign_dataset_v1/extracted_full/data.yaml,Roboflow dataset metadata: CC BY 4.0.,Use with attribution; review Roboflow project terms before redistribution.,train,data/raw/roboflow/malaysia_road_sign_dataset_v1/extracted_full/train/labels/P1860348_jpg.rf.83a408ba28c3e72986c2e5f5a9829e5c.txt,0,1,data/raw/roboflow/malaysia_road_sign_dataset_v1/extracted_full/train/images/P1860348_jpg.rf.83a408ba28c3e72986c2e5f5a9829e5c.jpg,22c8852e9cfcae9c294f6864e5446206a261fbc8f718c48e8c8de0baaac92981,Roadway diverges,44,Roboflow class name is exactly Roadway diverges and probe sheet visually matches assignment sign_032 split/traffic-diverges warning.,2048,1537,629.123,685.831,759.584,828.321,130.461,142.489,187,200,14b31f2930533e5ed1d412a66f02f5a9a970254ffcebcf6dbe1aaa3ed8fd6ac6,data/raw/online_sources/stage_c_gap_fill_06_roboflow_roadway_diverges/crops/roadway_diverges/RF06-roadway-diverges-0041_train_P1860348_jpg.rf.83a408ba28c3e72986c2e5f5a9829e5c_o01.jpg,real_road_photo_crop_from_detection_dataset,accepted_auto_exact_label_with_probe_visual_check,auto_exact_label_pending_stage_d_visual_qc,yes_pending_stage_d_qc,Selected with minimum 120px bbox side and one-per-base-image spread sampling before using augment variants.
stage_c_gap_fill_06_roboflow_roadway_diverges,RF06-roadway-diverges-0042,roadway_diverges,Traffic diverges,Malaysia Road Sign Dataset v1 via Roboflow,test-22a9b/test-fwdci/1,https://universe.roboflow.com/test-22a9b/test-fwdci/dataset/1,https://universe.roboflow.com/test-22a9b/test-fwdci/dataset/1,data/raw/roboflow/malaysia_road_sign_dataset_v1/extracted_full/data.yaml,Roboflow dataset metadata: CC BY 4.0.,Use with attribution; review Roboflow project terms before redistribution.,train,data/raw/roboflow/malaysia_road_sign_dataset_v1/extracted_full/train/labels/P1860647_jpg.rf.17127897cc8b00658c2050f8ccc69181.txt,0,1,data/raw/roboflow/malaysia_road_sign_dataset_v1/extracted_full/train/images/P1860647_jpg.rf.17127897cc8b00658c2050f8ccc69181.jpg,52e35a10051545f0e1c29696fdf84e6f3ca57c8cb59311a0a5a2bedd0cbacac3,Roadway diverges,44,Roboflow class name is exactly Roadway diverges and probe sheet visually matches assignment sign_032 split/traffic-diverges warning.,2048,1537,1080.715,710.089,1201.485,835.273,120.770,125.184,171,175,440d5b757cd1855b2b957739d10ed3bc14fe84e6f9cce4647c718b48a8d34088,data/raw/online_sources/stage_c_gap_fill_06_roboflow_roadway_diverges/crops/roadway_diverges/RF06-roadway-diverges-0042_train_P1860647_jpg.rf.17127897cc8b00658c2050f8ccc69181_o01.jpg,real_road_photo_crop_from_detection_dataset,accepted_auto_exact_label_with_probe_visual_check,auto_exact_label_pending_stage_d_visual_qc,yes_pending_stage_d_qc,Selected with minimum 120px bbox side and one-per-base-image spread sampling before using augment variants.
stage_c_gap_fill_06_roboflow_roadway_diverges,RF06-roadway-diverges-0043,roadway_diverges,Traffic diverges,Malaysia Road Sign Dataset v1 via Roboflow,test-22a9b/test-fwdci/1,https://universe.roboflow.com/test-22a9b/test-fwdci/dataset/1,https://universe.roboflow.com/test-22a9b/test-fwdci/dataset/1,data/raw/roboflow/malaysia_road_sign_dataset_v1/extracted_full/data.yaml,Roboflow dataset metadata: CC BY 4.0.,Use with attribution; review Roboflow project terms before redistribution.,valid,data/raw/roboflow/malaysia_road_sign_dataset_v1/extracted_full/valid/labels/125_PNG.rf.2d6bd2a022a3d78bd2fa82ffb026739a.txt,0,0,data/raw/roboflow/malaysia_road_sign_dataset_v1/extracted_full/valid/images/125_PNG.rf.2d6bd2a022a3d78bd2fa82ffb026739a.jpg,1d29abe5739a2a23d2c87af70ff88d3d9f07304c495e3b606528127db5459dd0,Roadway diverges,44,Roboflow class name is exactly Roadway diverges and probe sheet visually matches assignment sign_032 split/traffic-diverges warning.,403,334,17.405,9.900,299.535,307.040,282.130,297.140,359,334,feb19a09034c18b4a73f577047286bab5c78a9682e7a0096c6e098642d7c2d9d,data/raw/online_sources/stage_c_gap_fill_06_roboflow_roadway_diverges/crops/roadway_diverges/RF06-roadway-diverges-0043_valid_125_PNG.rf.2d6bd2a022a3d78bd2fa82ffb026739a_o00.jpg,real_road_photo_crop_from_detection_dataset,accepted_auto_exact_label_with_probe_visual_check,auto_exact_label_pending_stage_d_visual_qc,yes_pending_stage_d_qc,Selected with minimum 120px bbox side and one-per-base-image spread sampling before using augment variants.
stage_c_gap_fill_06_roboflow_roadway_diverges,RF06-roadway-diverges-0044,roadway_diverges,Traffic diverges,Malaysia Road Sign Dataset v1 via Roboflow,test-22a9b/test-fwdci/1,https://universe.roboflow.com/test-22a9b/test-fwdci/dataset/1,https://universe.roboflow.com/test-22a9b/test-fwdci/dataset/1,data/raw/roboflow/malaysia_road_sign_dataset_v1/extracted_full/data.yaml,Roboflow dataset metadata: CC BY 4.0.,Use with attribution; review Roboflow project terms before redistribution.,valid,data/raw/roboflow/malaysia_road_sign_dataset_v1/extracted_full/valid/labels/13_PNG.rf.fff23fdbccfe5acdc3937d434adcd7ab.txt,0,0,data/raw/roboflow/malaysia_road_sign_dataset_v1/extracted_full/valid/images/13_PNG.rf.fff23fdbccfe5acdc3937d434adcd7ab.jpg,dadde64b6800f6706e4a69f4490a49839d48afbd2efabc3ea972cba0e44c185b,Roadway diverges,44,Roboflow class name is exactly Roadway diverges and probe sheet visually matches assignment sign_032 split/traffic-diverges warning.,430,425,106.150,32.505,345.950,388.555,239.800,356.050,382,425,b593314fcc49722018c7ccd964b2d09c6d2f6e9cfc6c6d33ab577f8dc3b93b44,data/raw/online_sources/stage_c_gap_fill_06_roboflow_roadway_diverges/crops/roadway_diverges/RF06-roadway-diverges-0044_valid_13_PNG.rf.fff23fdbccfe5acdc3937d434adcd7ab_o00.jpg,real_road_photo_crop_from_detection_dataset,accepted_auto_exact_label_with_probe_visual_check,auto_exact_label_pending_stage_d_visual_qc,yes_pending_stage_d_qc,Selected with minimum 120px bbox side and one-per-base-image spread sampling before using augment variants.
stage_c_gap_fill_06_roboflow_roadway_diverges,RF06-roadway-diverges-0045,roadway_diverges,Traffic diverges,Malaysia Road Sign Dataset v1 via Roboflow,test-22a9b/test-fwdci/1,https://universe.roboflow.com/test-22a9b/test-fwdci/dataset/1,https://universe.roboflow.com/test-22a9b/test-fwdci/dataset/1,data/raw/roboflow/malaysia_road_sign_dataset_v1/extracted_full/data.yaml,Roboflow dataset metadata: CC BY 4.0.,Use with attribution; review Roboflow project terms before redistribution.,valid,data/raw/roboflow/malaysia_road_sign_dataset_v1/extracted_full/valid/labels/177_PNG.rf.4699261d0e9fec863d556bc4aeefbcd9.txt,0,0,data/raw/roboflow/malaysia_road_sign_dataset_v1/extracted_full/valid/images/177_PNG.rf.4699261d0e9fec863d556bc4aeefbcd9.jpg,7eb9c361ece469f23694e5b54b1f3a91ec0725ee3657db9b636a95207850adf6,Roadway diverges,44,Roboflow class name is exactly Roadway diverges and probe sheet visually matches assignment sign_032 split/traffic-diverges warning.,297,278,22.835,12.635,245.865,247.505,223.030,234.870,293,278,63e1e992fa85a16d94a0a36c6df4e7ed82d65e0b93da92b3fe60b9de9e467c25,data/raw/online_sources/stage_c_gap_fill_06_roboflow_roadway_diverges/crops/roadway_diverges/RF06-roadway-diverges-0045_valid_177_PNG.rf.4699261d0e9fec863d556bc4aeefbcd9_o00.jpg,real_road_photo_crop_from_detection_dataset,accepted_auto_exact_label_with_probe_visual_check,auto_exact_label_pending_stage_d_visual_qc,yes_pending_stage_d_qc,Selected with minimum 120px bbox side and one-per-base-image spread sampling before using augment variants.
stage_c_gap_fill_06_roboflow_roadway_diverges,RF06-roadway-diverges-0046,roadway_diverges,Traffic diverges,Malaysia Road Sign Dataset v1 via Roboflow,test-22a9b/test-fwdci/1,https://universe.roboflow.com/test-22a9b/test-fwdci/dataset/1,https://universe.roboflow.com/test-22a9b/test-fwdci/dataset/1,data/raw/roboflow/malaysia_road_sign_dataset_v1/extracted_full/data.yaml,Roboflow dataset metadata: CC BY 4.0.,Use with attribution; review Roboflow project terms before redistribution.,valid,data/raw/roboflow/malaysia_road_sign_dataset_v1/extracted_full/valid/labels/222_PNG.rf.5476601f37071b329635f30d182643a7.txt,0,0,data/raw/roboflow/malaysia_road_sign_dataset_v1/extracted_full/valid/images/222_PNG.rf.5476601f37071b329635f30d182643a7.jpg,7bec526db01ab5d64799075557e0068922b3e9bb402d334262cf6b302ba22204,Roadway diverges,44,Roboflow class name is exactly Roadway diverges and probe sheet visually matches assignment sign_032 split/traffic-diverges warning.,408,368,63.135,12.145,319.385,286.595,256.250,274.450,366,341,7770db09713d3d16a39a4756d63652aeee31f8b28acb48db73e768913dbdd391,data/raw/online_sources/stage_c_gap_fill_06_roboflow_roadway_diverges/crops/roadway_diverges/RF06-roadway-diverges-0046_valid_222_PNG.rf.5476601f37071b329635f30d182643a7_o00.jpg,real_road_photo_crop_from_detection_dataset,accepted_auto_exact_label_with_probe_visual_check,auto_exact_label_pending_stage_d_visual_qc,yes_pending_stage_d_qc,Selected with minimum 120px bbox side and one-per-base-image spread sampling before using augment variants.
stage_c_gap_fill_06_roboflow_roadway_diverges,RF06-roadway-diverges-0047,roadway_diverges,Traffic diverges,Malaysia Road Sign Dataset v1 via Roboflow,test-22a9b/test-fwdci/1,https://universe.roboflow.com/test-22a9b/test-fwdci/dataset/1,https://universe.roboflow.com/test-22a9b/test-fwdci/dataset/1,data/raw/roboflow/malaysia_road_sign_dataset_v1/extracted_full/data.yaml,Roboflow dataset metadata: CC BY 4.0.,Use with attribution; review Roboflow project terms before redistribution.,valid,data/raw/roboflow/malaysia_road_sign_dataset_v1/extracted_full/valid/labels/277_PNG.rf.16af92853795ab0ef0cbd2c2d92f21fc.txt,0,0,data/raw/roboflow/malaysia_road_sign_dataset_v1/extracted_full/valid/images/277_PNG.rf.16af92853795ab0ef0cbd2c2d92f21fc.jpg,e0814960acd6c127902cc3060a0c1d15dc6d04f51a57b3e85909e52b1dea8b07,Roadway diverges,44,Roboflow class name is exactly Roadway diverges and probe sheet visually matches assignment sign_032 split/traffic-diverges warning.,372,344,46.250,0.665,314.750,304.835,268.500,304.170,372,344,cdf7046e2409085851f5d09afe6273f1cf9cc4638ae49cc4f84f284a4c3db375,data/raw/online_sources/stage_c_gap_fill_06_roboflow_roadway_diverges/crops/roadway_diverges/RF06-roadway-diverges-0047_valid_277_PNG.rf.16af92853795ab0ef0cbd2c2d92f21fc_o00.jpg,real_road_photo_crop_from_detection_dataset,accepted_auto_exact_label_with_probe_visual_check,auto_exact_label_pending_stage_d_visual_qc,yes_pending_stage_d_qc,Selected with minimum 120px bbox side and one-per-base-image spread sampling before using augment variants.
stage_c_gap_fill_06_roboflow_roadway_diverges,RF06-roadway-diverges-0048,roadway_diverges,Traffic diverges,Malaysia Road Sign Dataset v1 via Roboflow,test-22a9b/test-fwdci/1,https://universe.roboflow.com/test-22a9b/test-fwdci/dataset/1,https://universe.roboflow.com/test-22a9b/test-fwdci/dataset/1,data/raw/roboflow/malaysia_road_sign_dataset_v1/extracted_full/data.yaml,Roboflow dataset metadata: CC BY 4.0.,Use with attribution; review Roboflow project terms before redistribution.,valid,data/raw/roboflow/malaysia_road_sign_dataset_v1/extracted_full/valid/labels/389_PNG.rf.1ae7d0288797a7d6769764c7155acc2b.txt,0,0,data/raw/roboflow/malaysia_road_sign_dataset_v1/extracted_full/valid/images/389_PNG.rf.1ae7d0288797a7d6769764c7155acc2b.jpg,b78c6decbaf0bc451b50a26879529d84855916215484fc753f7d5caa55f1e993,Roadway diverges,44,Roboflow class name is exactly Roadway diverges and probe sheet visually matches assignment sign_032 split/traffic-diverges warning.,287,443,70.320,5.830,234.300,172.610,163.980,166.780,231,206,d28a97d9286bde37ebcf5c03f2557364c15e74fb5690d4c082d25902e8e19156,data/raw/online_sources/stage_c_gap_fill_06_roboflow_roadway_diverges/crops/roadway_diverges/RF06-roadway-diverges-0048_valid_389_PNG.rf.1ae7d0288797a7d6769764c7155acc2b_o00.jpg,real_road_photo_crop_from_detection_dataset,accepted_auto_exact_label_with_probe_visual_check,auto_exact_label_pending_stage_d_visual_qc,yes_pending_stage_d_qc,Selected with minimum 120px bbox side and one-per-base-image spread sampling before using augment variants.
stage_c_gap_fill_06_roboflow_roadway_diverges,RF06-roadway-diverges-0049,roadway_diverges,Traffic diverges,Malaysia Road Sign Dataset v1 via Roboflow,test-22a9b/test-fwdci/1,https://universe.roboflow.com/test-22a9b/test-fwdci/dataset/1,https://universe.roboflow.com/test-22a9b/test-fwdci/dataset/1,data/raw/roboflow/malaysia_road_sign_dataset_v1/extracted_full/data.yaml,Roboflow dataset metadata: CC BY 4.0.,Use with attribution; review Roboflow project terms before redistribution.,valid,data/raw/roboflow/malaysia_road_sign_dataset_v1/extracted_full/valid/labels/70_PNG.rf.0b561cabeaeb46aac73a547c61971af7.txt,0,0,data/raw/roboflow/malaysia_road_sign_dataset_v1/extracted_full/valid/images/70_PNG.rf.0b561cabeaeb46aac73a547c61971af7.jpg,b78e5f97995024ff02ecead9190486e89dd2b8fd7fad4ef4ee6dc70caf560925,Roadway diverges,44,Roboflow class name is exactly Roadway diverges and probe sheet visually matches assignment sign_032 split/traffic-diverges warning.,309,298,22.905,6.570,254.995,253.710,232.090,247.140,304,298,a354574b9ecdfa31c59b800b48f6c86dc9b93f48f0bb1dd9024ab97715e9f023,data/raw/online_sources/stage_c_gap_fill_06_roboflow_roadway_diverges/crops/roadway_diverges/RF06-roadway-diverges-0049_valid_70_PNG.rf.0b561cabeaeb46aac73a547c61971af7_o00.jpg,real_road_photo_crop_from_detection_dataset,accepted_auto_exact_label_with_probe_visual_check,auto_exact_label_pending_stage_d_visual_qc,yes_pending_stage_d_qc,Selected with minimum 120px bbox side and one-per-base-image spread sampling before using augment variants.
stage_c_gap_fill_06_roboflow_roadway_diverges,RF06-roadway-diverges-0050,roadway_diverges,Traffic diverges,Malaysia Road Sign Dataset v1 via Roboflow,test-22a9b/test-fwdci/1,https://universe.roboflow.com/test-22a9b/test-fwdci/dataset/1,https://universe.roboflow.com/test-22a9b/test-fwdci/dataset/1,data/raw/roboflow/malaysia_road_sign_dataset_v1/extracted_full/data.yaml,Roboflow dataset metadata: CC BY 4.0.,Use with attribution; review Roboflow project terms before redistribution.,valid,data/raw/roboflow/malaysia_road_sign_dataset_v1/extracted_full/valid/labels/N15_png.rf.a54e66cc76314f34ceecb1c9ca498d6e.txt,0,0,data/raw/roboflow/malaysia_road_sign_dataset_v1/extracted_full/valid/images/N15_png.rf.a54e66cc76314f34ceecb1c9ca498d6e.jpg,77e222e9ae2234dca5f3c573d55bd7313da0ef1f6a684f5a792deb035d6dc758,Roadway diverges,44,Roboflow class name is exactly Roadway diverges and probe sheet visually matches assignment sign_032 split/traffic-diverges warning.,515,444,14.475,0.000,489.245,424.500,474.770,424.500,515,444,d2a8640369fed0a0a2a702f53e65d5a2e5306c3137139d8516c1e24cfac7e87b,data/raw/online_sources/stage_c_gap_fill_06_roboflow_roadway_diverges/crops/roadway_diverges/RF06-roadway-diverges-0050_valid_N15_png.rf.a54e66cc76314f34ceecb1c9ca498d6e_o00.jpg,real_road_photo_crop_from_detection_dataset,accepted_auto_exact_label_with_probe_visual_check,auto_exact_label_pending_stage_d_visual_qc,yes_pending_stage_d_qc,Selected with minimum 120px bbox side and one-per-base-image spread sampling before using augment variants.
